protein_name,sequence
P31170,MASTLSFAASALCSPLAPSPSVSSKSATPFSVSFPRKIPSRIRAQDQRENSIDVVQQGQQKGNQGSSVEKRPQQRLTMDVSPFGLLDPLSPMRTMRQMLDTMDRMFEDTMPVSGRNRGGSGVSEIRAPWDIKEEEHEIKMRFDMPGLSKEDVKISVEDNVLVIKGEQKKEDSDDSWSGRSVSSYGTRLQLPDNCEKDKIKAELKNGVLFITIPKTKVERKVIDVQIQ
P93834,MGKVAVATTVVCSVAVCAAAALIVRRRMKSAGKWARVIEILKAFEEDCATPIAKLRQVADAMTVEMHAGLASEGGSKLKMLISYVDNLPSGDETGFFYALDLGGTNFRVMRVLLGGKHDRVVKREFKEESIPPHLMTGKSHELFDFIVDVLAKFVATEGEDFHLPPGRQRELGFTFSFPVKQLSLSSGTLINWTKGFSIDDTVDKDVVGELVKAMERVGLDMLVAALVNDTIGTLAGGRYTNPDVVVAVILGTGTNAAYVERAHAIPKWHGLLPKSGEMVINMEWGNFRSSHLPLTEYDHSLDVDSLNPGEQILEKIISGMYLGEILRRVLLKMAEEAAFFGDIVPPKLKIPFIIRTPNMSAMHSDTSPDLKVVGSKLKDILEVQTSSLKMRKVVISLCNIIASRGARLSAAGIYGILKKIGRDATKDGEAQKSVIAMDGGLFEHYTQFSESMKSSLKELLGDEVSESVEVILSNDGSGVGAALLAASHSQYLELEDDSETS
Q1WM16,MVAAAVAAAEQVVAALREECATPAARLDGVAAAMAGEMAAGLAEEGGSKIKMIVSYVDNLPNGTEEGLFYALDLGGTNFRVLRVQLAGKEKRVVKRESREVSIPPHLMSGNSSELFGFIASALAKFVADEGHNAVFNDRQRELGFTFSFPVRQTSIASGTLIKWTKAFSIDDAVGEDVVAELQMAMEKQGLDMRVSALINDTVGTLAAGSYYDEDIVVGVILGTGSNAAYLEKANAIPKLEGELPKSGNMVINTEWGNFSSSCLPITEYDEALDKESLNPGEQIFEKLISGMYLGEIVRRVLLKISLQSSIFGNLDQTKLKTRFILRTPDISVMHHDGTPDLRIVAEKLADNLKITDTSLETRKMVVEICDIVTRRSARLAAAGIVGILRKIGRGVPGDKRKSVIAIDGGLYEHYTEFRQCLETTLTELLGEEASKSVAVKLANDGSGLGAALIAAAHSQYLN
O81829,MPEAPKKESLEVFDLTLDQKNKQKLQLIEELTSNADQVQRQVLEEILTRNADVEYLRRHDLNGRTDRETFKNIMPVITYEDIEPEINRIANGDKSPILSSKPISEFLTSSGTSGGERKLMPTIEEELDRRSLLYSLLMPVMSQFVPGLENGKGMYFLFIKSESKTPGGLPARPVLTSYYKSSHFKERPYDPYTNYTSPNETILCSDSYQSMYSQMLCGLCQHQEVLRVGAVFASGFIRAIKFLEKHWIELVRDIRTGTLSSLITDPSVREAVAKILKPSPKLADFVEFECKKSSWQGIITRLWPNTKYVDVIVTGTMSQYIPTLDYYSNGLPLVCTMYASSECYFGVNLRPLCKPSEVSYTLIPSMAYFEFLPVHRNNGVTNSINLPKALTEKEQQELVDLVDVKLGQEYELVVTTYAGLCRYRVGDLLRVTGFKNKAPQFSFICRKNVVLSIDSDKTDEVELQNAVKNAVTHLVPFDASLSEYTSYADTSSIPGHYVLFWELCLDGNTPIPPSVFEDCCLAVEESFNTVYRQGRVSDKSIGPLEIKIVEPGTFDKLMDYAISLGASINQYKTPRCVKFAPIIELLNSRVVDSYFSPKCPKWVPGHKQWGSN
Q8VZ59,MDFCWKREMEGKLAHDHRGMTSPRRICVVTGPVIVGAGPSGLATAACLKERGITSVLLERSNCIASLWQLKTYDRLHLHLPKQFCELPIIPFPGDFPTYPTKQQFIEYLEDYARRFDIKPEFNQTVESAAFDENLGMWRVTSVGEEGTTEYVCRWLVAATGENAEPVVPRFEGMDKFAAAGVVKHTCHYKTGGDFAGKRVLVVGCGNSGMEVCLDLCNFGAQPSLVVRDAVHVLPREMLGTSTFGLSMFLLKWLPIRLVDRFLLVVSRFILGDTTLLGLNRPRLGPLELKNISGKTPVLDVGTLAKIKTGDIKVCSGIRRLKRHEVEFDNGKTERFDAIILATGYKSNVPSWLKENKMFSKKDGFPIQEFPEGWRGECGLYAVGFTKRGISGASMDAKRIAEDIHKCWKQDEQVKKI
Q9M8S8,MADNDSLDQFLAAAIDAAKKAGQIIRKGFYETKHVEHKGQVDLVTETDKGCEELVFNHLKQLFPNHKFIGEETTAAFGVTELTDEPTWIVDPLDGTTNFVHGFPFVCVSIGLTIGKVPVVGVVYNPIMEELFTGVQGKGAFLNGKRIKVSAQSELLTALLVTEAGTKRDKATLDDTTNRINSLLTKVRSLRMSGSCALDLCGVACGRVDIFYELGFGGPWDIAAGIVIVKEAGGLIFDPSGKDLDITSQRIAASNASLKELFAEALRLTGA
Q42592,MAERVSLTLNGTLLSPPPTTTTTTMSSSLRSTTAASLLLRSSSSSSRSTLTLSASSSLSFVRSLVSSPRLSSSSSLSQKKYRIASVNRSFNSTTAATKSSSSDPDQLKNAREDIKELLSTKFCHPILVRLGWHDAGTYNKNIKEWPQRGGANGSLRFDIELKHAANAGLVNALNLIKDIKEKYSGISYADLFQLASATAIEEAGGPKIPMKYGRVDASGPEDCPEEGRLPDAGPPSPATHLREVFYRMGLDDKDIVALSGAHTLGRSRPERSGWGKPETKYTKEGPGAPGGQSWTPEWLKFDNSYFKEIKEKRDEDLLVLPTDAAIFEDSSFKVYAEKYAADQDAFFKDYAVAHAKLSNLGAEFNPPEGIVI
Q42593,MSVSLSAASHLLCSSTRVSLSPAVTSSSSSPVVALSSSTSPHSLGSVASSSLFPHSSFVLQKKHPINGTSTRMISPKCAASDAAQLISAKEDIKVLLRTKFCHPILVRLGWHDAGTYNKNIEEWPLRGGANGSLRFEAELKHAANAGLLNALKLIQPLKDKYPNISYADLFQLASATAIEEAGGPDIPMKYGRVDVVAPEQCPEEGRLPDAGPPSPADHLRDVFYRMGLDDKEIVALSGAHTLGRARPDRSGWGKPETKYTKTGPGEAGGQSWTVKWLKFDNSYFKDIKEKRDDDLLVLPTDAALFEDPSFKNYAEKYAEDVAAFFKDYAEAHAKLSNLGAKFDPPEGIVIENVPEKFVAAKYSTGKKELSDSMKKKIRAEYEAIGGSPDKPLPTNYFLNIIIAIGVLVLLSTLFGGNNNSDFSGF
Q10712,MATLRVSSLFASSSSSLHSNPSVFTKYQSSPKWAFSFPVTPLCSKRSKRIVHCIAGDTLGLTRPNESDAPKISIGAKDTAVVQWQGDLLAIGATENDMARDENSKFKNPLLQQLDSELNGLLSAASSEEDFSGKSGQSVNLRFPGGRITLVGLGSSASSPTSYHSLGQAAAAAAKSSQARNIAVALASTDGLSAESKINSASAIATGVVLGSFEDNRFRSESKKSTLESLDILGLGTGPEIERKIKYAEHVCAGVILGRELVNAPANIVTPAVLAEEAKKIASTYSDVISVNILDAEQCKELKMGAYLAVAAAATENPPYFIHLCFKTPTKERKTKLALVGKGLTFDSGGYNLKVGAGSRIELMKNDMGGAAAVLGAAKALGEIRPSRVEVHFIVAACENMISAEGMRPGDIVTASNGKTIEVNNTDAEGRLTLADALIYACNQGVEKIIDLATLTGAIMVALGPSVAGAFTPNDDLAREVVEAAEASGEKLWRMPMEESYWESMKSGVADMINTGPGNGGAITGALFLKQFVDEKVQWLHLDVAGPVWSDEKKNATGYGVSTLVEWVLRN
Q9SSL9,MKNLGGLFKILLLFFCLFLSTHIISVSCLNSDGLTLLSLLKHLDRVPPQVTSTWKINASEATPCNWFGITCDDSKNVASLNFTRSRVSGQLGPEIGELKSLQILDLSTNNFSGTIPSTLGNCTKLATLDLSENGFSDKIPDTLDSLKRLEVLYLYINFLTGELPESLFRIPKLQVLYLDYNNLTGPIPQSIGDAKELVELSMYANQFSGNIPESIGNSSSLQILYLHRNKLVGSLPESLNLLGNLTTLFVGNNSLQGPVRFGSPNCKNLLTLDLSYNEFEGGVPPALGNCSSLDALVIVSGNLSGTIPSSLGMLKNLTILNLSENRLSGSIPAELGNCSSLNLLKLNDNQLVGGIPSALGKLRKLESLELFENRFSGEIPIEIWKSQSLTQLLVYQNNLTGELPVEMTEMKKLKIATLFNNSFYGAIPPGLGVNSSLEEVDFIGNKLTGEIPPNLCHGRKLRILNLGSNLLHGTIPASIGHCKTIRRFILRENNLSGLLPEFSQDHSLSFLDFNSNNFEGPIPGSLGSCKNLSSINLSRNRFTGQIPPQLGNLQNLGYMNLSRNLLEGSLPAQLSNCVSLERFDVGFNSLNGSVPSNFSNWKGLTTLVLSENRFSGGIPQFLPELKKLSTLQIARNAFGGEIPSSIGLIEDLIYDLDLSGNGLTGEIPAKLGDLIKLTRLNISNNNLTGSLSVLKGLTSLLHVDVSNNQFTGPIPDNLEGQLLSEPSSFSGNPNLCIPHSFSASNNSRSALKYCKDQSKSRKSGLSTWQIVLIAVLSSLLVLVVVLALVFICLRRRKGRPEKDAYVFTQEEGPSLLLNKVLAATDNLNEKYTIGRGAHGIVYRASLGSGKVYAVKRLVFASHIRANQSMMREIDTIGKVRHRNLIKLEGFWLRKDDGLMLYRYMPKGSLYDVLHGVSPKENVLDWSARYNVALGVAHGLAYLHYDCHPPIVHRDIKPENILMDSDLEPHIGDFGLARLLDDSTVSTATVTGTTGYIAPENAFKTVRGRESDVYSYGVVLLELVTRKRAVDKSFPESTDIVSWVRSALSSSNNNVEDMVTTIVDPILVDELLDSSLREQVMQVTELALSCTQQDPAMRPTMRDAVKLLEDVKHLARSCSSDSVR
K4P8I2,MAFAGTTQKCMACDKTVYLVDKLTADNRVYHKACFRCHHCKGTLKLGNYNSFEGVLYCRPHFDQLFKRTGSLEKSFEGTPKIAKPEKPVDGEKPIATKVSGMFGGTRDKCFGCKNTVYPTERVTVNGTPYHKSCFKCTHGGCVISPSNYIAHEGRLYCKHHHGQLIKEKGNLSQLEGDREKDGTEVAAES
Q67UE8,MPPPLLLLLLLAAAAAAVAPARSKSTLESCSSSTACPALLSYTLYADLKLAELAALFSADPLAILAANSIDFAVPDPADRILPAGLPLRVPVPCACSDGIRRVTTVRYVARPGDTLASVASSVYGGLTTPDWISDSNGILGAKPDAAVDAGTTLFVPLHCACFGGVDNGLPAVYLTYVAGKGDTVAAVAQRYRTTATDLMSVNDMATPELAAGDIIVVPLPACTSSFPAFTADYGLAVANGTYAVTANRCVQCSCGPGNLDLFCVPAPLADSTCSSMQCANSSMMLGNFTLLMTSSGCSVTSCSYGGFVNGTILTTLTTALKPQCPGPHQYPPLIPPPTSSFFETYLGPSPTPMASEGGVMAGMAPTSTPAASSGPPPAGRHVVGDVLGAFALCLVGNLLW
Q69T51,MAGWPAAEAAGALVVAILAAAAGGAAGKTTIEPCAGADTCAALLGYTLYADMKVSEVAALFGADPRAVLAANALDFASPGAANRILPAGLPLRVPTRCACSDGVRKSVAVRYSARPADTLASVADVVFAGLASADQIRTANGLSAEDPDAPLDAGATLVVPLPCACFNSTDNNLPAVYLSYVVRVGDTVQSIAATHATTVTDISNVNAMGSPIVAPGDILAIPLPACASMFPNSASDYGLLVANGTYALTAGNCVQCSCGPGDLKLYCTPASLTASCSSMQCPNSNLMLGNVTAQSTSGGCNVSSCSYAGLVNGTIATSLSSGLQPTCPGPHQFPPLRATPIAVNQGSYLAPSPAPGAGEAGGDIPGFPGSSNVSPANGPSGSVSQAASVNRPHQIVALILSVALYFQM
Q9SN86,MATATSASLFSTVSSSYSKASSIPHSRLQSVKFNSVPSFTGLKSTSLISGSDSSSLAKTLRGSVTKAQTSDKKPYGFKINASYKVAVLGAAGGIGQPLSLLIKMSPLVSTLHLYDIANVKGVAADLSHCNTPSQVRDFTGPSELADCLKDVNVVVIPAGVPRKPGMTRDDLFNINANIVKTLVEAVAENCPNAFIHIISNPVNSTVPIAAEVLKKKGVYDPKKLFGVTTLDVVRANTFVSQKKNLKLIDVDVPVIGGHAGITILPLLSKTKPSVNFTDEEIQELTVRIQNAGTEVVDAKAGAGSATLSMAYAAARFVESSLRALDGDGDVYECSFVESTLTDLPFFASRVKIGKNGLEAVIESDLQGLTEYEQKALEALKVELKASIDKGVAFANKPAAAAAN
P83886,MGRTTSSPKAMMRIATVAAILTILASTCMARNVLTNGEGLYAGQSLDVEQYKFIMQDDCNLVLYEYSTPIWASNTGVTGKNGCRAVMQRDGNFVVYDVNGRPVWASNSVRGNGNYILVLQKDRNVVIYGSDIWSTGTYRRSVGGAVVMAMNGTVDGGSVIGPVVVNQNVTAAIRKVGTGAA
Q39013,MSELLQLPPGFRFHPTDEELVMHYLCRKCASQSIAVPIIAEIDLYKYDPWELPGLALYGEKEWYFFSPRDRKYPNGSRPNRSAGSGYWKATGADKPIGLPKPVGIKKALVFYAGKAPKGEKTNWIMHEYRLADVDRSVRKKKNSLRLDDWVLCRIYNKKGATERRGPPPPVVYGDEIMEEKPKVTEMVMPPPPQQTSEFAYFDTSDSVPKLHTTDSSCSEQVVSPEFTSEVQSEPKWKDWSAVSNDNNNTLDFGFNYIDATVDNAFGGGGSSNQMFPLQDMFMYMQKPY
Q9LSQ5,MATKVYIVYYSMYGHVEKLAEEIRKGAASVEGVEAKLWQVPETLHEEALSKMSAPPKSESPIITPNELAEADGFVFGFPTRFGMMAAQFKAFLDATGGLWRAQALAGKPAGIFYSTGSQGGGQETTALTAITQLVHHGMLFVPIGYTFGAGMFEMENVKGGSPYGAGTFAGDGSRQPTELELQQAFHQGQYIASITKKLKGSTA
B8ARK7,MSLGYAEKLSYREDVGNVGMPEIFDSPELLHKKIEELAVMVRESKHLVVFTGAGISTSSGIPDFRGPKGVWTLQRSGKGVPGASLPFHRAVPTLTHMALVELEKTGRLKFVISQNVDSLHLRSGLPREKLAELHGNSFKEICPSCKKEYLRDFEIETIGLKDTPRRCSDKNCGARLKDTVLDWEDALPPEEMDAAKEQCQTADLVLCLGTSLQITPACNMPLLSLKNGGRVAIVNLQATPKDKKASLVIHGLVDKVIAGVMYMMNLRIPPYIRTDFVQISLRNSVKKKCVRWTLRVTSIHGLRAPLPFLRSVEVSFPERPDMKPVVLKEQPFSLQRETSMNRPFVMLLTFNFSDGCGCSSSSIEWPVDFLKQKDSFVRDRSLVLQELQHAAEHRSRAGQHAILEREGVPRAETSIHALVTNIVRYDTEDSKAAVPMATWMNSNGSLSKRHMDAIGCNPASSKKQKLVATRHRRKGLNPATQKV
Q9LK88,MEAVTAIKPLIRVAALSGSLRKTSFHTGLLRAAIDLTKESVPGLQIEYIDISPLPLINTDLEVNGTYPPVVEAFRQKILEADSILFASPEYNFSVSAPLKNALDWASRPPNVWADKPAAIISTGGGFGGGRSQYHLRQIGVFLDLHFINKPEFTLNAFQPPQKFDAEGNLVDEVTKERLKQVLLSLQAFTLRLQGK
Q8H0I4,MEQHQGQAGMDLPPGFRFHPTDEELITHYLAKKVADARFAALAVAEADLNKCEPWDLPSLAKMGEKEWYFFCLKDRKYPTGLRTNRATESGYWKATGKDKDIFRRKALVGMKKTLVFYTGRAPKGEKSGWVMHEYRLHGKLHAAALGFLHGKPASSKNEWVLCRVFKKSLVEVGAAGGKKAAVVTMEMARGGSTSSSVADEIAMSSVVLPPLMDMSGAGAGAVDPATTAHVTCFSNALEGQFFNPTAVHGHGGGDSSPFMASFTQYGQLHHGVSLVQLLESCNGYGGLVDMAASGSQLQPAACGGERERLSASQDTGLTSDVNPEISSSSGQKFDHEAALWGY
A0A1U9X9S6,HRDIKPKNILLDLEMEPHISDFGIAKLMDQTSSASPQSTSVMGTIGYMSPGTAYSTRKSKESDVYSYGVVLLELITRKKALDPSFSEGTDIVSHVRSRLDGSDDIETVVDPDLMDEIIASVELQEQVHGVLLLALRCTSKEASERPSMRDVVKELTDIRSNAGSLLKEGRGGSESVGK
Q9ZPI6,MAKKIGVTMEVGNDGVAVITISNPPVNSLASPIISGLKEKFRDANQRNDVKAIVLIGNNGRFSGGFDINVFQQVHKTGDLSLMPEVSVELVCNLMEDSRKPVVAAVEGLALGGGLELAMACHARVAAPKAQLGLPELTLGVIPGFGGTQRLPRLVGLAKATDMILLSKSISSEEGHKLGLIDALVPPGDVLSTSRKWALDIAEGRKPFLQSLHRTDKIGSLSEARAILKNSRQLAKKIAPNMPQHHACIEVIEEGIIHGGYSGVLKEAEVFKQLVLSDTAKGLVHVFFAQRATSKVPNVTDVGLKPRPIKKVAVIGGGLMGSGIATALLLSNIRVVLKEINSEFLMKGIKSVEANMKSLVSRGKLTQDKAGKALSLFKGVLDYTEFNDVDMVIEAVIENIQLKQNIFKEIEKVCSPHCILASNTSTIDLDVIGEKTNSKDRIVGAHFFSPAHLMPLLEIVRSKNTSAQVILDLMAVGKAIKKVPVVVGNCIGFAVNRTFFPYSQAAHMLANLGVDLFRIDSVITSFGLPLGPFQLGDLAGHGIGLAVGPIYAKVYGDRMFRSPMTELLLKSGRNGKINGRGYYIYEKGSKPKPDPSVLSIVEKSRKLTNIMPGGKPISVTDKEIVEMILFPVVNEACRVLDEGVVIRASDLDIASVLGMSFPSYRGGIVFWADTVGPKYIYERLKKLSETYGSFFKPSRYLEERAMNGMLLSESKSSRSKL
Q9FNA9,MPLIHRKKPTEKPSTPPSEEVVHDEDSQKKPHESSKSHHKKSNGGGKWSCIDSCCWFIGCVCVTWWFLLFLYNAMPASFPQYVTERITGPLPDPPGVKLKKEGLKAKHPVVFIPGIVTGGLELWEGKQCADGLFRKRLWGGTFGEVYKRPLCWVEHMSLDNETGLDPAGIRVRAVSGLVAADYFAPGYFVWAVLIANLAHIGYEEKNMYMAAYDWRLSFQNTEVRDQTLSRMKSNIELMVSTNGGKKAVIVPHSMGVLYFLHFMKWVEAPAPLGGGGGPDWCAKYIKAVMNIGGPFLGVPKAVAGLFSAEAKDVAVARAIAPGFLDTDIFRLQTLQHVMRMTRTWDSTMSMLPKGGDTIWGGLDWSPEKGHTCCGKKQKNNETCGEAGENGVSKKSPVNYGRMISFGKEVAEAAPSEINNIDFRGAVKGQSIPNHTCRDVWTEYHDMGIAGIKAIAEYKVYTAGEAIDLLHYVAPKMMARGAAHFSYGIADDLDDTKYQDPKYWSNPLETKLPNAPEMEIYSLYGVGIPTERAYVYKLNQSPDSCIPFQIFTSAHEEDEDSCLKAGVYNVDGDETVPVLSAGYMCAKAWRGKTRFNPSGIKTYIREYNHSPPANLLEGRGTQSGAHVDIMGNFALIEDIMRVAAGGNGSDIGHDQVHSGIFEWSERIDLKL
Q9SWE5,MENGKRDRQDMEVNTTPRKPRVLLAASGSVAAIKFGNLCHCFTEWAEVRAVVTKSSLHFLDKLSLPQEVTLYTDEDEWSSWNKIGDPVLHIELRRWADVLVIAPLSANTLGKIAGGLCDNLLTCIIRAWDYTKPLFVAPAMNTLMWNNPFTERHLLSLDELGITLIPPIKKRLACGDYGNGAMAEPSLIYSTVRLFWESQAHQQTGGTS
Q9FY75,MAEESSMEGSEKEEIDSSGGGFGDMASMDSIESRWVIQDDDDSEIGVDDDNDGFDGTGLESDEDEIPEHRLIRTGPRVDSFDVEALEVPGAPRNDYEDLTVGRKVLLAFQTLGVVFGDVGTSPLYTFSVMFSKSPVQEKEDVIGALSLVLYTLLLVPLIKYVLVVLWANDDGEGGTFALYSLISRHAKISLIPNQLRSDTRISSFRLKVPCPELERSLKLKEKLENSLILKKILLVLVLAGTSMVIADGVVTPAMSVMSAVGGLKVGVDVVEQDQVVMISVAFLVILFSLQKYGTSKMGLVVGPALLIWFCSLAGIGIYNLIKYDSSVYRAFNPVHIYYFFKRNSINAWYALGGCILCATGSEALFADLCYFSVRSVQLTFVCLVLPCLMLGYMGQAAYLMENHADASQAFFSSVPGSAFWPVLFIANIAALIASRTMTTATFSCIKQSTALGCFPRLKIIHTSRKFMGQIYIPVLNWFLLAVCLVVVCSISSIDEIGNAYGMAELGVMMTTTILVTLIMLLIWQINIVIVIAFLVVFLGVELVFFSSVIASVGDGSWIILVFAVIMFGIMYIWNYGSKLRYETEVEQKLSMDLMRELGCNLGTIRAPGIGLLYNELVKGVPAIFGHFLTTLPAIHSMVIFVCIKYVPVPVVPQNERFLFRRVCTKSYHLFRCIARYGYKDARKETHQAFEQLLIESLEKFIRREAQERSLESDGNDDSDSEEDFPGSRVVIGPNGSMYSMGVPLLSEYRDLNKPIMEMNTSSDHTNHHPFDTSSDSSVSEAEQSLERELSFIHKAKESGVVYLLGHGDIRARKDSWFIKKLVINYFYTFLRKNCRRGIANLSVPQSHLMQVGMTYMV
Q9ZU25,MYRTAASRARALKGVLTRSLRPARYASSSAVAETSSSTPAYLSWLSGGSRAALTSLDMPLQGVSLPPPLADKVEPSKLQITTLPNGLKIASETTPNPAASIGLYVDCGSIYEAPYFHGATHLLERMAFKSTLNRTHFRLVREIEAIGGNTSASASREQMSYTIDALKTYVPEMVEVLIDSVRNPAFLDWEVNEELRKMKVEIAELAKNPMGFLLEAIHSAGYSGPLASPLYAPESALDRLNGELLEEFMTENFTAARMVLAASGVEHEELLKVAEPLTSDLPNVPPQLAPKSQYVGGDFRQHTGGEATHFAVAFEVPGWNNEKEAVTATVLQMLMGGGGSFSAGGPGKGMHSWLYRRVLNEYQEVQSCTAFTSIFNDTGLFGIYGCSSPQFAAKAIELAAKELKDVAGGKVNQAHLDRAKAATKSAVLMNLESRMIAAEDIGRQILTYGERKPVDQFLKSVDQLTLKDIADFTSKVISKPLTMGSFGDVLAVPSYDTISSKFR
Q42290,MAMKNLLSLARRSQRRLFLTQATRSSSSFSAIDSVPASASPTALSPPPPHLMPYDHAAEIIKNKIKKLENPDKRFLKYASPHPILASHNHILSAPETRVTTLPNGLRVATESNLSAKTATVGVWIDAGSRFESDETNGTAHFLEHMIFKGTDRRTVRALEEEIEDIGGHLNAYTSREQTTYYAKVLDSNVNQALDVLADILQNSKFEEQRINRERDVILREMQEVEGQTDEVVLDHLHATAFQYTPLGRTILGPAQNVKSITREDLQNYIKTHYTASRMVIAAAGAVKHEEVVEQVKKLFTKLSSDPTTTSQLVANEPASFTGSEVRMIDDDLPLAQFAVAFEGASWTDPDSVALMVMQTMLGSWNKNVGGGKHVGSDLTQRVAINEIAESIMAFNTNYKDTGLFGVYAVAKADCLDDLSYAIMYEVTKLAYRVSDADVTRARNQLKSSLLLHMDGTSPIAEDIGRQLLTYGRRIPTAELFARIDAVDASTVKRVANKYIYDKDIAISAIGPIQDLPDYNKFRRRTYWNRY
Q8S307,MTSDGATSTSAAAAAAAAAAARRKPSWRERENNRRRERRRRAVAAKIYTGLRAQGDYNLPKHCDNNEVLKALCVEAGWVVEEDGTTYRKGCKPLPGEIAGTSSRVTPYSSQNQSPLSSAFQSPIPSYQVSPSSSSFPSPSRGEPNNNMSSTFFPFLRNGGIPSSLPSLRISNSCPVTPPVSSPTSKNPKPLPNWESIAKQSMAIAKQSMASFNYPFYAVSAPASPTHRHQFHTPATIPECDESDSSTVDSGHWISFQKFAQQQPFSASMVPTSPTFNLVKPAPQQMSPNTAAFQEIGQSSEFKFENSQVKPWEGERIHDVGMEDLELTLGNGKARG
O22476,MKTFSSFFLSVTTLFFFSFFSLSFQASPSQSLYREIHQLISFKDVLPDKNLLPDWSSNKNPCTFDGVTCRDDKVTSIDLSSKPLNVGFSAVSSSLLSLTGLESLFLSNSHINGSVSGFKCSASLTSLDLSRNSLSGPVTTLTSLGSCSGLKFLNVSSNTLDFPGKVSGGLKLNSLEVLDLSANSISGANVVGWVLSDGCGELKHLAISGNKISGDVDVSRCVNLEFLDVSSNNFSTGIPFLGDCSALQHLDISGNKLSGDFSRAISTCTELKLLNISSNQFVGPIPPLPLKSLQYLSLAENKFTGEIPDFLSGACDTLTGLDLSGNHFYGAVPPFFGSCSLLESLALSSNNFSGELPMDTLLKMRGLKVLDLSFNEFSGELPESLTNLSASLLTLDLSSNNFSGPILPNLCQNPKNTLQELYLQNNGFTGKIPPTLSNCSELVSLHLSFNYLSGTIPSSLGSLSKLRDLKLWLNMLEGEIPQELMYVKTLETLILDFNDLTGEIPSGLSNCTNLNWISLSNNRLTGEIPKWIGRLENLAILKLSNNSFSGNIPAELGDCRSLIWLDLNTNLFNGTIPAAMFKQSGKIAANFIAGKRYVYIKNDGMKKECHGAGNLLEFQGIRSEQLNRLSTRNPCNITSRVYGGHTSPTFDNNGSMMFLDMSYNMLSGYIPKEIGSMPYLFILNLGHNDISGSIPDEVGDLRGLNILDLSSNKLDGRIPQAMSALTMLTEIDLSNNNLSGPIPEMGQFETFPPAKFLNNPGLCGYPLPRCDPSNADGYAHHQRSHGRRPASLAGSVAMGLLFSFVCIFGLILVGREMRKRRRKKEAELEMYAEGHGNSGDRTANNTNWKLTGVKEALSINLAAFEKPLRKLTFADLLQATNGFHNDSLIGSGGFGDVYKAILKDGSAVAIKKLIHVSGQGDREFMAEMETIGKIKHRNLVPLLGYCKVGDERLLVYEFMKYGSLEDVLHDPKKAGVKLNWSTRRKIAIGSARGLAFLHHNCSPHIIHRDMKSSNVLLDENLEARVSDFGMARLMSAMDTHLSVSTLAGTPGYVPPEYYQSFRCSTKGDVYSYGVVLLELLTGKRPTDSPDFGDNNLVGWVKQHAKLRISDVFDPELMKEDPALEIELLQHLKVAVACLDDRAWRRPTMVQVMAMFKEIQAGSGIDSQSTIRSIEDGGFSTIEMVDMSIKEVPEGKL
Q9ASS2,MQQGDYNSYYHHQYSQFQNPTPNPNPNPNPSPPAPATVAGPTDLTRNTYASAPPFTGGYGSADYSNYSQNYTPYGQNSEHVPPSAPSFTSPSQPPPSPPATSLNPNSYSTFNQPPPPPTIHPQPLSSYGSFDSTAPYQQPTSQHMYYSPYDQHQTSGYSSAPPPSSAPAPNPNPAPYSSSLYSAPPYSSGGSSIPPSYEKPSVKFDQSGYDGYNRSRSDLGSDLYGKRSDSGEYPAFEDSYGDGVYAYQGGKVEPYGSRGTAPKSSNSTLFDDYGRSISFSSSGRDSSVSSNSAKIVRAVPKADVQEDSTGGVQKFRVKLLAETYGQTTTDVLCQIGLDGLRMLDPSTSRTLRIYPLENITRCEKLDSSILAFWSKTPVDIEAKRIRLQSNSYTTNTLLDTVTAAMFQAKEIGGSSRPPTSGKLIEQTAEKKKGLGDWMNIIKPVNEEKDHWVPDEAVSKCTSCGSDFGAFIRRHHCRNCGDVFCDKCTQGRIALTAEDNAPQVRVCDRCMAEVSQRLSNAKETTGRNVSLQSHEDLARKLQEEMERNRKSSSGLREGSGRRMKEVACPTCTVHLQVQVPVSGSETIECGVCQNPFLVSAH
Q681K7,MDRFSRKCLLFLLLIILLDSPLTCHSWGWFSSSSSSAEDPYSSSFSRSRKSNPDFSMEVFSDQKAVQVLENKLVGLTSCWQNAYSYLLAGCKETIATEEKRKRFAWYLSDCFIKDSGRPAFPTCKDESVMMSCLKKLDDHEHKIYLDFLLETNTICQQLQSNAFKNEIERLVNELKNTAQYTEDKLDILESKSDALIQTSSMIHDSLGSLDVRVQNVASVTNTLETSVSGLSQQTVEISQEQKNIAESQLALRDGQVKMKETLKDGMDMFLDAYTNIQEGVDKLKSDTEQIEVEISVLGNNLSTKMIDLQSTTDDIGTKTRSSLDKQQKLLDGQTVALDGIQFLTRFQSEALQESRNTLQRLKEFSQEQQEDLAKRQEKLQEVHDHLFENSKSMLEAQVAFEAKQANMFVALDKLFALHNAMLLESRVIKAFVIYFLSIFVIYMFTSTKQTYIIRPRLYIGLCVTLALEVASLRYVNDTERQAWMINLIRSLFALLASAQLLHAALSYRDYEVLNHQILLRLVDKVNDMQSKKELSYDEDTESEVDWTSWVDTDLTDDDDNLADPDYKIPLLIKDNPVTTSSLTRRLYNFRPR
Q9SF32,MVKKAKWLKNVKKAFSPDSKKLKHESVECQDSVISYPVLIATSRSSSPQFEVRVDEVNYEQKKNLYPPSSDSVTATVAHVLVDSPPSSPESVHQAIVVNRFAGKSKEEAAAILIQSTFRGHLARRESQVMRGQERLKLLMEGSVVQRQAAITLKCMQTLSRVQSQIRSRRIRMSEENQARHKQLLQKHAKELGGLKNGGNWNYSNQSKEQVEAGMLHKYEATMRRERALAYAFTHQQNLKSFSKTANPMFMDPSNPTWGWSWLERWMAGRPWESSEKEQNTTNNDNSSVKNSTNRNSQGGETAKSSNRNKLNSSTKPNTPSASSTATRNPRKKRPIPSSIKSKSSDDEAKSSERNRRPSIARPSVSDDETLSSSTARRSSNLIPTTKSARGKPKSQTSSRVAVTTSTTEESSILPEKAPAKKRLSTSASPAPKPRRSSAPPKVEKGVLKAERTP
Q940A2,MVMEIVKPNTCIRGCCTSESIPLHLPSSSFTLLSPIAKGSESVVYEAILDGRRVAAKKPILSTSDDLDKFHRNLQLSCNLNHPGVAKLLAAHAKPPNYMFFFDFYESGTLAEKLHVEEWSPSIDQVLLITLHLAKALQYLHNNGIVHRDVKPANVLLDEKFFPYLADFGLAEYKKNLREVNLQNWRSSGKPTGGFHKKNMVGTLIYMAPEILRKDMYTEKADIYSFGILINELLTGVVPYTDRRAEAQAHTVLEMNYTEQQLTVAIVSSGLRPALAEIGLHLPKSLLSLIQNCWESDPSKRPSSDNVVLELESIWEQVRGKQQGHLLEKTSNSQSDTDGADIIKNSGDYRDTVNWFSQGECLSKKSSVSTVFDVKLWSSSTDEPSRYVPVISCGSFATCGRRESMEDTHFIIPHMCNEESIHLFAIFDGHRGAAAAEFSAQVLPGLVQSLCSTSAGEALSQAFVRTDLAFRQELDSHRQSKRVSQKDWHPGCTAIASLLVENKLFVANVGDSRAILCRAGHPFALSKAHLATCIDERNRVIGEGGRIEWLVDTWRVAPAGLQVTRSIGDDDLKPAVTAEPEISETILSADDEFLVMASDGLWDVMNDEEVIGIIRDTVKEPSMCSKRLATEAAARGSGDNITVIVVFLRPVSTAERIY
Q05085,MSLPETKSDDILLDAWDFQGRPADRSKTGGWASAAMILCIEAVERLTTLGIGVNLVTYLTGTMHLGNATAANTVTNFLGTSFMLCLLGGFIADTFLGRYLTIAIFAAIQATGVSILTLSTIIPGLRPPRCNPTTSSHCEQASGIQLTVLYLALYLTALGTGGVKASVSGFGSDQFDETEPKERSKMTYFFNRFFFCINVGSLLAVTVLVYVQDDVGRKWGYGICAFAIVLALSVFLAGTNRYRFKKLIGSPMTQVAAVIVAAWRNRKLELPADPSYLYDVDDIIAAEGSMKGKQKLPHTEQFRSLDKAAIRDQEAGVTSNVFNKWTLSTLTDVEEVKQIVRMLPIWATCILFWTVHAQLTTLSVAQSETLDRSIGSFEIPPASMAVFYVGGLLLTTAVYDRVAIRLCKKLFNYPHGLRPLQRIGLGLFFGSMAMAVAALVELKRLRTAHAHGPTVKTLPLGFYLLIPQYLIVGIGEALIYTGQLDFFLRECPKGMKGMSTGLLLSTLALGFFFSSVLVTIVEKFTGKAHPWIADDLNKGRLYNFYWLVAVLVALNFLIFLVFSKWYVYKEKRLAEVGIELDDEPSIPMGH
Q42536,MALQAASLVSSAFSVRKDGKLNASASSSFKESSLFGVSLSEQSKADFVSSSLRCKREQSLRNNKAIIRAQAIATSTPSVTKSSLDRKKTLRKGNVVVTGASSGLGLATAKALAETGKWHVIMACRDFLKAERAAQSAGMPKDSYTVMHLDLASLDSVRQFVDNFRRAEMPLDVLVCNAAVYQPTANQPTFTAEGFELSVGINHLGHFLLSRLLIDDLKNSDYPSKRLIIVGSITGNTNTLAGNVPPKANLGDLRGLAGGLNGLNSSAMIDGGDFVGAKAYKDSKVCNMLTMQEFHRRFHEDTGITFASLYPGCIATTGLFREHIPLFRTLFPPFQKYITKGYVSESEAGKRLAQVVADPSLTKSGVYWSWNKTSASFENQLSQEASDVEKARRVWEVSEKLVGLA
G8EGP0,MDNFNLARVLLLLLQLGTLFIAHACPYCPYPPSTPKHPKLPPKAKPPSTPKHPKYPPHVKPPSTPKHPKQPPYVKPPSSPKHPKYPPHGKPPSTPKHPKQPPYVKPPSAPKHPKYPPHVKPPSTPTHPKYPPQKPCPPPPHHAPKPPPYVPRPPIVHPPPTVSPPSVPKPPTTPPVTPKPPSPTPPIVYPPVTPKPPSPTPPVVSPPIVHPPVTPKPPVPTPPIVYPPVAPKPPTPPVVSPPVTPTPPIVSPPVVPNPPVVTPPSYVPSPPIVTPPTVPTPPTPCPPPPPTIVPSPPAQPTCPINALKLGACVDVLGGLIHIGIGGSAKQTCCPLLHGLVDLDAAICLCTTIRLKLLNINIILPIALQVLVDDCGKHPPKDFQCPSS
Q9C9X5,MKLWKRAAAAIKDRKSLLAVGFSRRNSSYRNADLEAAIIKATSHDDSSVDYSNAHRVYKWIRSSPLNLKTLVYAISSRVNHTRSWIVALKSLMLLHGVLCCKVPSVVGEFRRLPFDLSDFSDGHSCLSKTWGFNVFVRTYFAFLHHYSSFLSDQIHRLRGNNRRSLEKTSDSVIQELERIQKLQSLLDMILQIRPVADNMKKTLILEAMDCLVIESINIYGRICGAVMKVLPLAGKSEAATVLKIVNKTTSQGEDLIVYFEFCKGFGVSNAREIPQFVRIPEEEVEAIEKMIDTVQEKPKLEKDEEKEDEKAMVVLEQPKKLQTIITDKWEIFEDDYRCFDRKDKWEIFEDEYHQNHLPLITMNQPVYITYTMPDLITF
Q9LRR5,MANSYLSSCANVMVERINTSQELVELCKGKSSSALLKRLKVALVTANPVLADADQRAEHVREVKHWLTGIKDAFFQAEDILDELQTEALRRRVVAEAGGLGGLFQNLMAGREAIQKKIEPKMEKVVRLLEHHVKHIEVIGLKEYSETREPQWRQASRSRPDDLPQGRLVGRVEDKLALVNLLLSDDEISIGKPAVISVVGMPGVGKTTLTEIVFNDYRVTEHFEVKMWISAGINFNVFTVTKAVLQDITSSAVNTEDLPSLQIQLKKTLSGKRFLLVLDDFWSESDSEWESFQVAFTDAEEGSKIVLTTRSEIVSTVAKAEKIYQMKLMTNEECWELISRFAFGNISVGSINQELEGIGKRIAEQCKGLPLAARAIASHLRSKPNPDDWYAVSKNFSSYTNSILPVLKLSYDSLPPQLKRCFALCSIFPKGHVFDREELVLLWMAIDLLYQPRSSRRLEDIGNDYLGDLVAQSFFQRLDITMTSFVMHDLMNDLAKAVSGDFCFRLEDDNIPEIPSTTRHFSFSRSQCDASVAFRSICGAEFLRTILPFNSPTSLESLQLTEKVLNPLLNALSGLRILSLSHYQITNLPKSLKGLKLLRYLDLSSTKIKELPEFVCTLCNLQTLLLSNCRDLTSLPKSIAELINLRLLDLVGTPLVEMPPGIKKLRSLQKLSNFVIGRLSGAGLHELKELSHLRGTLRISELQNVAFASEAKDAGLKRKPFLDGLILKWTVKGSGFVPGSFNALACDQKEVLRMLEPHPHLKTFCIESYQGGAFPKWLGDSSFFGITSVTLSSCNLCISLPPVGQLPSLKYLSIEKFNILQKVGLDFFFGENNSRGVPFQSLQILKFYGMPRWDEWICPELEDGIFPCLQKLIIQRCPSLRKKFPEGLPSSTEVTISDCPLRAVSGGENSFRRSLTNIPESPASIPSMSRRELSSPTGNPKSDASTSAQPGFASSSQSNDDNEVTSTSSLSSLPKDRQTEDFDQYETQLGSLPQQFEEPAVISARYSGYISDIPSTLSPYMSRTSLVPDPKNEGSILPGSSSYQYHQYGIKSSVPSPRSSEAIKPSQYDDDETDMEYLKVTDISHLMELPQNLQSLHIDSCDGLTSLPENLTESYPNLHELLIIACHSLESFPGSHPPTTLKTLYIRDCKKLNFTESLQPTRSYSQLEYLFIGSSCSNLVNFPLSLFPKLRSLSIRDCESFKTFSIHAGLGDDRIALESLEIRDCPNLETFPQGGLPTPKLSSMLLSNCKKLQALPEKLFGLTSLLSLFIIKCPEIETIPGGGFPSNLRTLCISLCDKLTPRIEWGLRDLENLRNLEIDGGNEDIESFPEEGLLPKSVFSLRISRFENLKTLNRKGFHDTKAIETMEISGCDKLQISIDEDLPPLSCLRISSCSLLTETFAEVETEFFKVLNIPYVEIDGEIFS
O82480,MSASKFIKCVTVGDGAVGKTCMLICYTSNKFPTDYIPTVFDNFSANVAVDGQIVNLGLWDTAGQEDYSRLRPLSYRGADIFVLAFSLISKASYENVLKKWMPELRRFAPNVPIVLVGTKLDLRDDKGYLADHTNVITSTQGEELRKQIGAAAYIECSSKTQQNVKAVFDTAIKVVLQPPRRKEVPRRRKNHRRSGCSIASIVCGGCTAA
A4PHN3,MAAIAVQSNCCSFSSDCCSQRWDPFKGNGRVQRGLLAGPINLRMPSPSQLVQQGSCSISCKAGGTSKQSGSALRAKAKKGSSDINPDDYLSDDQLQYVDRQKALEAAMSDINGSFGKGSVTRLGSAGGALVETFPSGCLTLDLALGGGFPKGRIVEIFGPESSGKTTLALHAIAEIQKKGGNAMLVDAEHCFDPYYSKALGVDVESLIVCQPDNGEMALETADRMCRSGAVDIIVIDSVSALTPRAEIEGEIGMQQMGLQARLMSQALRKMSANAARANCTIIFLNQIRYKIAVMYGNPEVTSGGLALKFFASLRLDIRNTGKIKSPRGEDDIGIRARVRVQKSKVSRPYKQAEFDIIFGEGICKLGSLLDSAETVGVVVRKGAWYSYGETRLGQGRDKVVQFLRDYPEVCADIEKVVRERIAEIMTTKRDYNGPNGSAVVHAGMDIEEMMGEDNLGELD
Q9FYF7,METEKKNSKEVALKHLAFVRIATIHILASVSNLYEYAKQNSGPLKSAVEKVEGAVTTVVTPVYQKFKDVPDSLLVFLDHKVGEVSYKFDEHAPPMAKKVVNQAHVLIYKATEKAQSFVKEARTGGPKAAFNYAATEYKFFVVTNSVKVWAKLNQYKPIHAMGDKALPVAAHFSSRYNDLVTDMTNMGYSLVGYLPLVPVDDIVKAYEKEDARRKKGGDTAGKKGETTDAADGDKSSSDSE
O82246,MAEDEIVVEEEQSQPQEITPVPPSSSSSPSLVVEDDDEMKLKHLEFIQVAAVYFAACFSTLYELAKDNAGPLKLGVENIEDCVRTVLAPLYEKFHDVPFKLLLFVDRKVDDVFFDVETYVPSLVKQASSQALTVATEVQRTGVVDTTKSIARSVRDKYEPAAEYYAATLWRLLNQLPLFPEVAHLVIPTAFYWSEKYNDAVRYVGDRDYFGAEYLPMIPIEKISDILEQDQCRAD
Q9MA63,MATQTDLAQPKLDMTKEEKERLKYLQFVQAAAVEALLRFALIYAKAKDKSGPLKPGVESVEGAVKTVVGPVYEKYHDVPVEVLKYMDQKVDMSVTELDRRVPPVVKQVSAQAISAAQIAPIVARALASEVRRAGVVETASGMAKSVYSKYEPAAKELYANYEPKAEQCAVSAWKKLNQLPLFPRLAQVAVPTAAFCSEKYNDTVVKAAEKGYRVTSYMPLVPTERISKIFAEEKAETEPLEFHPLD
B0EVM3,TNVYVMGYLVNSTSYFFNESDAKLASQYVFKGSTIVTLPYSGNYERLQNAAGKVREKIPLGFRAFDSAITSLFHYDSTAAAGAFLVIIQTTAEASRFKYIEGQIVERIPKNEVPSPAALSLENEWSALSKQ
Q8L3P4,MGKKGGTLKRSSKSTKTRKDIVEDQYDDEIDAFHKQRDIVPLDVNDDTDESDEDDVQPVFDLQGVDDESEEDEDTEDEEEAENGLTAKMIRQKKYLRAKFGDGDDEMADDDKDKEEDKRSTWGGRSGLYHSGDNVDFDILSSDDEDIKAEEEEVIRLRAEQLGSITAADAGLDDDSEEDSDRELTMEEISDKGKQATKSITDKKEKGDKDTHVEEIKKDINSLSKEEQMDVVYSSAPEIVGLLSELNDAVEELESKINPVMNKLKEGEISLNGLARYLEVKQLLLLTYCQSITFYLLLKSEGQPIRDHPVLARLVEIKSLLDKIKELDEELPPGFEESLARSIANGAVQKVVKEDQLTSPVSDSVDRITQDTAKPMKIDNAREEKKKKGEKRKHQNDLVDVQSEEMLKLRAALEGKLRTNGVLGSTVSKSDKAQKRQKLANRKLETFDDYVDDADNSTHNVTADKLTKLVSTKRKPKTISGDDDLPQRDDIGERRRKFELRVLAGAGVKSSEGDGRNKNGAFASDDEDDNDGDNNDMVDNDGESEDEFYKQVKQKQQAKRAAKAEIYSRKPHLMPSSPEHVDGKRHISNQMVSNRGLTRQRNRDLKNPRKKYRKNYEKKVTRRKGQVRDIRKQTGPYAGEARGINPNTSRSIRM
A0A178UVN1,MRFGKEFVSQMIPEWQEAYIDYAYLKTILQDIQASRNRSDSNNQSSTPSFARNLTRRYNRDALVSENHDIVVNTVTRLEEGLETAAYETTFLKAGEAGGDFEVTFFRTLDREFNKVNNFYRLKVETARTEALALNKQMDALIAFRHKVMDQNQKNPSVFDSVSEDINGSASEVGSSSKCTEHNVALADLMRNEDTSNESILERIRMNKTREITPLSAIKTILKVHKQDELKFTRDNLKEVEKRLQVAFTEFYQKLRHLKNYSFLNASAVSKIMKKYDKIAKRNAAKLYMEMVDKSFLSSSEEVHKLLLKVESIFIEHFSNSNRREGMSHLRPKINKERHLITFSTGFFFGCGISLIVALGLIIHARNIMGTPGQRTYMETMFPLYRFFGFVVLHMDMYAANIYFWRRYRVNYSFIFGFKQGTELGYRHVLLLSFGLGTLSLCAVLLNLDMEMDAQTKDYRLVTELIPLFLLVLVIIIVLCPFNILYRSSRFFFLSVLFRCIAAPFYAVHLPDFFLGDQLTSQVQALRSLEFYICYYGFGDFRYRRRNTCTSNIGFRTFYFIVAVIPYWLRFLQCIRRMVEDRDLSHGYNGIKYLLTIVAASLRTAYTLNRGSNWNITAWVFSGVATFYGTYWDIVLDWGLLQRGCKNSFLRDKLLVPHKTVYYAAMVLNVLLRLVWLQTVLDLKFSFLHRETMVALMACLEIIRRGIWNFFRLENEHLNNVGRYRAFKTVPLPFNYEEDGDHHNN
Q9M9S3,MSQLLSTPLMAVNSNPRFLSSSSVLVTGGFAVKRHGFALKPTTKTVKLFSVKSRQTDYFEKQRFGDSSSSPSPAEGLPARFYVGHSIYKGKAALTVDPRAPEFVALDSGAFKLSKDGFLLLQFAPSAGVRQYDWSKKQVFSLSVTEIGTLVSLGPRESCEFFHDPFKGKSDEGKVRKVLKVEPLPDGSGHFFNLSVQNKLVNVDESIYIPITRAEFAVLISAFNFVLPYLIGWHAFANSIKPEETSRVNNASPNYGGDYEWNR
Q9AVE0,MRVVVPNCHHFYIFFVVLILIRSVFSSYVHTLSSTESLTISSKQTIVSPGEVFELGFFNPAATSRDGDRWYLGIWFKTNLERTYVWVANRDNPLYNSTGTLKISDTNLVLLDQFDTLVWSTNLTGVLRSPVVAELLSNGNLVLKDSKTNDKDGILWQSFDYPTDTLLPQMKMGWDVKKGLNRFLRSWKSQYDPSSGDFSYKLETRGFPEFFLLWRNSRVFRSGPWDGLRFSGIPEMQQWEYMVSNFTENREEVAYTFQITNHNIYSRFTMSSTGALKRFRWISSSEEWNQLWNKPNDHCDMYKRCGPYSYCDMNTSPICNCIGGFKPRNLHEWTLRNGSIGCVRKTRLNCGGDGFLCLRKMKLPDSSAAIVDRTIDLGECKKRCLNDCNCTAYASTDIQNGGLGCVIWIEELLDIRNYASGGQDLYVRLADVDIGDERNIRGKIIGLAVGASVILFLSSIMFCVWRRKQKLLRATEAPIVYPTINQGLLMNRLEISSGRHLSEDNQTEDLELPLVEFEAVVMATENFSNSNKLGEGGFGVVYKGRLLDGQEIAVKRLSTTSIQGICEFRNEVKLISKLQHINLVRLFGCCVDENEKMLIYEYLENLSLDSHLFNKSLSCKLNWQMRFDITNGIARGLLYLHQDSRFRIIHRDLKASNVLLDKDMTPKISDFGMARIFGRDETEANTRKVVGTYGYMSPEYAMDGIFSVKSDVFSFGVLVLEIVSGKKNRGFYNSNQDNNLLGYAWRNWKEGKGLEILDPFIVDSSSSPSAFRPHEVLRCIQIGLLCVQERAEDRPVMSSVVVMLRSETETIPQPKPPGYCVGRSPFETDSSTHEQRDESCTVNQITISAIDPR
Q8L467,MYPSLDDDFVSDLFCFDQSNGAELDDYTQFGVNLQTDQEDTFPDFVSYGVNLQQEPDEVFSIGASQLDLSSYNGVLSLEPEQVGQQDCEVVQEEEVEINSGSSGGAVKEEQEHLDDDCSRKRARTGSCSRGGGTKACRERLRREKLNERFMDLSSVLEPGRTPKTDKPAILDDAIRILNQLRDEALKLEETNQKLLEEIKSLKAEKNELREEKLVLKADKEKTEQQLKSMTAPSSGFIPHIPAAFNHNKMAVYPSYGYMPMWHYMPQSVRDTSRDQELRPPAA
Q9LKL2,MDLNGECKGGDGFIDRSRVRILLCDNDSTSLGEVFTLLSECSYQVTAVKSARQVIDALNAEGPDIDIILAEIDLPMAKGMKMLRYITRDKDLRRIPVIMMSRQDEVPVVVKCLKLGAADYLVKPLRTNELLNLWTHMWRRRRMLGLAEKNMLSYDFDLVGSDQSDPNTNSTNLFSDDTDDRSLRSTNPQRGNLSHQENEWSVATAPVHARDGGLGADGTATSSLAVTAIEPPLDHLAGSHHEPMKRNSNPAQFSSAPKKSRLKIGESSAFFTYVKSTVLRTNGQDPPLVDGNGSLHLHRGLAEKFQVVASEGINNTKQARRATPKSTVLRTNGQDPPLVNGNGSHHLHRGAAEKFQVVASEGINNTKQAHRSRGTEQYHSQGETLQNGASYPHSLERSRTLPTSMESHGRNYQEGNMNIPQVAMNRSKDSSQVDGSGFSAPNAYPYYMHGVMNQVMMQSAAMMPQYGHQIPHCQPNHPNGMTGYPYYHHPMNTSLQHSQMSLQNGQMSMVHHSWSPAGNPPSNEVRVNKLDRREEALLKFRRKRNQRCFDKKIRYVNRKRLAERRPRVKGQFVRKMNGVNVDLNGQPDSADYDDEEEEEEEEEEENRDSSPQDDALGT
Q8VYA3,MSSNCSCSLLSLFSLLLIIDLTVASSCPKTCGGIDIPYPFGIGTGCYLEKWYEIICVNNSVPFLSIINREVVSISFSDMYRRFFNVGYGSIRIRNPIASKGCSSGGQEFGSLLNMTGYPFYLGDNNMLIAVGCNNTASLTNVEPSIVGCESTCSTNQDIPINDYLGVLYCNARYGDSEYCKNISIMNDTSCNGIGCCKASLPARYQQIIGVEIDDSNTESKGCKVAFITDEEYFLSNGSDPERLHANGYDTVDLRWFIHTANHSFIGSLGCKSIDEYTILRRDNREYGIGCLCDYNSTTTGYATCSCASGFEGNPYIPGECKDINECVRGIDGNPVCTAGKCVNLLGGYTCEYTNHRPLVIGLSTSFSTLVFIGGIYWLYKFIRRQRRLNQKKKFFKRNGGLLLQQQLTTTEGNVDSTRVFNSRELEKATENFSLTRILGEGGQGTVYKGMLVDGRIVAVKKSKVVDEDKLEEFINEVVILSQINHRNIVKLLGCCLETDVPILVYEFIPNGNLFEHLHDDSDDYTMTTWEVRLRIAVDIAGALSYLHSAASSPIYHRDIKSTNIMLDEKHRAKVSDFGTSRTVTVDHTHLTTVVSGTVGYMDPEYFQSSQFTDKSDVYSFGVVLAELITGEKSVSFLRSQEYRTLATYFTLAMKENRLSDIIDARIRDGCKLNQVTAAAKIARKCLNMKGRKRPSMRQVSMELEKIRSYSEDMQPYEYASENEEEKKETLVDVNVESRNYVSVTAASSQYSIATTSSSRSDVEPLFPR
Q8GUQ8,MGSLKKDGEIGDEFTEALLYVNGVRRVLPDGLAHMTLLEYLRDLGLTGTKLGCGEGGCGACTVMVSSYDRKSKTSVHYAVNACLAPLYSVEGMHVISIEGLGHRKLGLHPVQESLASSHGSQCGFCTPGFIMSMYSLLRSSKNSPSEEEIEECLAGNLCRCTGYRPIVDAFRVFAKSDDALYCGVSSLSLQDGSTICPSTGKPCSCGSKTTNEVASCNEDRFQSISYSDIDGAKYTDKELIFPPELLLRKLTPLKLRGNGGITWYRPVCLQNLLELKANYPDAKLLVGNTEVGIEMRLKRLQYQVLISVAQVPELNALNVNDNGIEVGSALRLSELLRLFRKIVKERPAHETSACKAFIEQLKWFAGTQIRNVACIGGNICTASPISDLNPLWMASRAEFRITNCNGDVRSIPAKDFFLGYRKVDMGSNEILLSVFLPWTRPLEYVKEFKQAHRRDDDIAIVNGGMRVFLEDKGQQLFVSDASIAYGGVAPLSLCARKTEEFLIGKNWNKDLLQDALKVIQSDVVIKEDAPGGMVEFRKSLTLSFFFKFFLWVSHNVNNANSAIETFPPSHMSAVQPVPRLSRIGKQDYETVKQGTSVGSSEVHLSARMQVTGEAEYTDDTPVPPNTLHAAFVLSKVPHARILSIDDSAAKSSSGFVGLFLAKDIPGDNMIGPIVPDEELFATDVVTCVGQVIGVVVADTHENAKTAAGKVDVRYEELPAILSIKEAINAKSFHPNTEKRLRKGDVELCFQSGQCDRVIEGEVQMGGQEHFYLEPNGSLVWTVDGGSEVHMISSTQAPQKHQKYVSHVLGLPMSKVVCKTKRIGGGFGGKETRSAFIAAAASVPSYLLNRPVKLILDRDVDMMITGHRHSFLGKYKVGFTNEGKILALDLEIYNNGGNSLDLSLSVLERAMFHSDNVYEIPHVRIVGNVCFTNFPSNTAFRGFGGPQGMLITENWIQRIAAELNKSPEEIKEMNFQVEGSVTHYCQTLQHCTLHQLWKELKVSCNFLKARREADEFNSHNRWKKRGVAMVPTKFGISFTTKFMNQAGALVHVYTDGTVLVTHGGVEMGQGLHTKVAQVAASAFNIPLSSVFVSETSTDKVPNASPTAASASSDMYGAAVLDACEQIIARMEPVASKHNFNTFTELVSACYFQRIDLSAHGFHIVPDLGFDWISGKGNAFRYYTYGAAFAEVEIDTLTGDFHTRAADIMLDLGYSLNPAIDVGQIEGAFVQGLGWVALEELKWGDAAHKWIKPGSLLTCGPGNYKIPSINDMPFNLNVSLLKGNPNTKAIHSSKAVGEPPFFLASSVFFAIKEAIKAARTEVGLTDWFPLESPATPERIRMACFDEFSAPFVNSDFYPNLSV
Q2V3L3,MDHQNYQYQNPFERRPILKSKAPAVKWIKEWVPQDIVATGGKCHLHKWVTEDTFSRLKEKEKEPDVPEPEPEPTTEILFLCSYDGCGKTFFDVSALRKHSHIHGERQYVCDQEGCGKKFLDSSKLKRHYLIHTGERNYICTYEGCGKAFSLDFNLRSHMKTHSQENYHICPYSGCVKRYAHEYKLKNHVAAYHEKNGGGETPKYTPPAEKVLRTVKTPATVCGPSSDRPYACPYEGCEKAYIHEYKLKLHLKREHPGHLQEENADTPTLNKHNGNDRNEIDDGSDQDVYRKHASNGKGQTHKQQSRAKPNMRTPPAKVGKKGSTSSPAKARIAKKPWQAKETFEEVEREEEEDSEETEEDRDNVEDGWRFGENNEDDDDDEETEYED
Q9FZ59,MRNLGLLEITLLCSLFVYFRIDSVSSLNSDGLALLSLLKHFDKVPLEVASTWKENTSETTPCNNNWFGVICDLSGNVVETLNLSASGLSGQLGSEIGELKSLVTLDLSLNSFSGLLPSTLGNCTSLEYLDLSNNDFSGEVPDIFGSLQNLTFLYLDRNNLSGLIPASVGGLIELVDLRMSYNNLSGTIPELLGNCSKLEYLALNNNKLNGSLPASLYLLENLGELFVSNNSLGGRLHFGSSNCKKLVSLDLSFNDFQGGVPPEIGNCSSLHSLVMVKCNLTGTIPSSMGMLRKVSVIDLSDNRLSGNIPQELGNCSSLETLKLNDNQLQGEIPPALSKLKKLQSLELFFNKLSGEIPIGIWKIQSLTQMLVYNNTLTGELPVEVTQLKHLKKLTLFNNGFYGDIPMSLGLNRSLEEVDLLGNRFTGEIPPHLCHGQKLRLFILGSNQLHGKIPASIRQCKTLERVRLEDNKLSGVLPEFPESLSLSYVNLGSNSFEGSIPRSLGSCKNLLTIDLSQNKLTGLIPPELGNLQSLGLLNLSHNYLEGPLPSQLSGCARLLYFDVGSNSLNGSIPSSFRSWKSLSTLVLSDNNFLGAIPQFLAELDRLSDLRIARNAFGGKIPSSVGLLKSLRYGLDLSANVFTGEIPTTLGALINLERLNISNNKLTGPLSVLQSLKSLNQVDVSYNQFTGPIPVNLLSNSSKFSGNPDLCIQASYSVSAIIRKEFKSCKGQVKLSTWKIALIAAGSSLSVLALLFALFLVLCRCKRGTKTEDANILAEEGLSLLLNKVLAATDNLDDKYIIGRGAHGVVYRASLGSGEEYAVKKLIFAEHIRANQNMKREIETIGLVRHRNLIRLERFWMRKEDGLMLYQYMPNGSLHDVLHRGNQGEAVLDWSARFNIALGISHGLAYLHHDCHPPIIHRDIKPENILMDSDMEPHIGDFGLARILDDSTVSTATVTGTTGYIAPENAYKTVRSKESDVYSYGVVLLELVTGKRALDRSFPEDINIVSWVRSVLSSYEDEDDTAGPIVDPKLVDELLDTKLREQAIQVTDLALRCTDKRPENRPSMRDVVKDLTDLESFVRSTSGSVH
Q9ZWC8,MKQRWLLVLILCFFTTSLVMGIHGKHLINDDFNETALLLAFKQNSVKSDPNNVLGNWKYESGRGSCSWRGVSCSDDGRIVGLDLRNSGLTGTLNLVNLTALPNLQNLYLQGNYFSSGGDSSGSDCYLQVLDLSSNSISDYSMVDYVFSKCSNLVSVNISNNKLVGKLGFAPSSLQSLTTVDLSYNILSDKIPESFISDFPASLKYLDLTHNNLSGDFSDLSFGICGNLTFFSLSQNNLSGDKFPITLPNCKFLETLNISRNNLAGKIPNGEYWGSFQNLKQLSLAHNRLSGEIPPELSLLCKTLVILDLSGNTFSGELPSQFTACVWLQNLNLGNNYLSGDFLNTVVSKITGITYLYVAYNNISGSVPISLTNCSNLRVLDLSSNGFTGNVPSGFCSLQSSPVLEKILIANNYLSGTVPMELGKCKSLKTIDLSFNELTGPIPKEIWMLPNLSDLVMWANNLTGTIPEGVCVKGGNLETLILNNNLLTGSIPESISRCTNMIWISLSSNRLTGKIPSGIGNLSKLAILQLGNNSLSGNVPRQLGNCKSLIWLDLNSNNLTGDLPGELASQAGLVMPGSVSGKQFAFVRNEGGTDCRGAGGLVEFEGIRAERLERLPMVHSCPATRIYSGMTMYTFSANGSMIYFDISYNAVSGFIPPGYGNMGYLQVLNLGHNRITGTIPDSFGGLKAIGVLDLSHNNLQGYLPGSLGSLSFLSDLDVSNNNLTGPIPFGGQLTTFPVSRYANNSGLCGVPLRPCGSAPRRPITSRIHAKKQTVATAVIAGIAFSFMCFVMLVMALYRVRKVQKKEQKREKYIESLPTSGSCSWKLSSVPEPLSINVATFEKPLRKLTFAHLLEATNGFSAETMVGSGGFGEVYKAQLRDGSVVAIKKLIRITGQGDREFMAEMETIGKIKHRNLVPLLGYCKVGEERLLVYEYMKWGSLETVLHEKSSKKGGIYLNWAARKKIAIGAARGLAFLHHSCIPHIIHRDMKSSNVLLDEDFEARVSDFGMARLVSALDTHLSVSTLAGTPGYVPPEYYQSFRCTAKGDVYSYGVILLELLSGKKPIDPGEFGEDNNLVGWAKQLYREKRGAEILDPELVTDKSGDVELFHYLKIASQCLDDRPFKRPTMIQLMAMFKEMKADTEEDESLDEFSLKETPLVEESRDKEP
Q7X8C5,MKTETHNRQCIPLAISVLSLFINGVSSARQPPDRCNRVCGEISIPFPFGIGGKDCYLNPWYEVVCNSTNSVPFLSRINRELVNISLNGVVHIKAPVTSSGCSTGTSQPLTPPPLNVAGQGSPYFLTDKNLLVAVGCKFKAVMAGITSQITSCESSCNERNSSSQEGRNKICNGYKCCQTRIPEGQPQVISVDIEIPQGNNTTGEGGCRVAFLTSDKYSSLNVTEPEKFHGHGYAAVELGWFFDTSDSRDTQPISCKNASDTTPYTSDTRCSCSYGYFSGFSYRDCYCNSPGYKGNPFLPGGCVDVDECKLDIGRNQCKDQSCVNLPGWFDCQPKKPEQLKRVIQGVLIGSALLLFAFGIFGLYKFVQKRRKLIRMRKFFRRNGGMLLKQQLARKEGNVEMSRIFSSHELEKATDNFNKNRVLGQGGQGTVYKGMLVDGRIVAVKRSKAVDEDRVEEFINEVVVLAQINHRNIVKLLGCCLETEVPVLVYEFVPNGDLCKRLHDESDDYTMTWEVRLHIAIEIAGALSYLHSAASFPIYHRDIKTTNILLDERNRAKVSDFGTSRSVTIDQTHLTTQVAGTFGYVDPEYFQSSKFTEKSDVYSFGVVLVELLTGEKPSSRVRSEENRGLAAHFVEAVKENRVLDIVDDRIKDECNMDQVMSVANLARRCLNRKGKKRPNMREVSIELEMIRSSHYDSGIHIEDDDEEDDQAMELNFNDTWEVGATAPASMFNNASPTSDAEPLVPLRTW
Q8RY17,MKRRRLFFSVLLSILTLFINGPLITTAQSPPSSSTSCNRICGGIEIPFPFGIGRRDCFLNDWYEVVCNSTTSGKSLAPFLYKINRELVSITLRSSIDSSYGVVHIKSPVTSSGCSQRPVKPLPLNLTGKGSPFFITDSNRLVSVGCDNRALITDIESQITGCESSCDGDKSRLDKICGGYTCCQAKIPADRPQVIGVDLESSGGNTTQGGNCKVAFLTNETYSPANVTEPEQFYTNGFTVIELGWYFDTSDSRLTNPVGCVNLTETGIYTSAPSCVCEYGNFSGFGYSNCYCNQIGYRGNPYLPGGCIDIDECEEGKGLSSCGELTCVNVPGSWRCELNGVGKIKPLFPGLVLGFPLLFLVLGIWGLIKFVKKRRKIIRKRMFFKRNGGLLLKQQLTTRGGNVQSSKIFSSKELEKATDNFNMNRVLGQGGQGTVYKGMLVDGRIVAVKRSKVLDEDKVEEFINEVGVLSQINHRNIVKLMGCCLETEVPILVYEHIPNGDLFKRLHHDSDDYTMTWDVRLRISVEIAGALAYLHSAASTPVYHRDVKTTNILLDEKYRAKVSDFGTSRSINVDQTHLTTLVAGTFGYLDPEYFQTSQFTDKSDVYSFGVVLVELITGEKPFSVMRPEENRGLVSHFNEAMKQNRVLDIVDSRIKEGCTLEQVLAVAKLARRCLSLKGKKRPNMREVSVELERIRSSPEDLELHIEEEDEEECAMEINMDDSWSVDMTAPASLFDLSPKLDVEPLVPQRTW
Q9S9M1,MKTKTYRFVCLVASVLTLQLMNGSSAATPPPPPNSKNSSTSCNRTCGGISIPFPFGIGGKDCYLNGWYEVVCNATTSGSSGTTVPFLSRINREVVNISLPEGNNEQYGVVHIKGPVTSLGCSSNTSQVPQKSLPDLNVTGKGSPYFITDENRLVAVGCGTKALMTDIESEILGCESSCKDSKSSQEVTNLLCDGYKCCQARIPVERPQAVGVNIESSGGDGCKVAFLSSKRYSPSNVTIPEQFHAGGYVVVELGWYFATTDSRFRNPLGCINLTYSGSYLSGDSCLCEYGYFSEMSYRNCYCSLGFTGNPYLRGGCIDNDDCKGPNICEEGTCVNVPGGYRCDPKPKIIKPAKPLVLQGVLLGLMGLLFLVVGTLGLIIFIKKRRRIISSRKFFKRNGGLLLKQQLTTTNDGNVDMSRLFSSEELKKATDNFSVKRVLGKGSQGTVYKGMMVDGKIIAVKRSKVVDEDKLEKFINEIILLSQINHRNIVKLIGCCLETEVPILVYEYIPNGDMFKRLHDESDDYAMTWEVRLRIAIEIAGALTYMHSAASFPIYHRDIKTTNILLDEKYGAKVSDFGTSRSVTIDQTHLTTMVAGTFGYMDPEYFLSSQYTDKSDVYSFGVVLVELITGEKPLSRIRSEEGRGLATHFLEAMKENRVIDIIDIRIKEESKLDQLMAVAKLARKCLSRKGIKRPNMREASLELERIRSSPEDLEAHIENDDEEDQVMEISRE
Q9SA25,MGVDVKRFLVVMLLLRICEYAAASTFPLALRNCSDHCGNVSVPYPFGIGKGCYKNKWFEIVCKSSSDQQPILLLPRIRRAVTSFNLGDPFSISVYNKFYIQSPLKHSGCPNRDGYSSSSLNLKGSPFFISENNKFTAVGCNNKAFMNVTGLQIVGCETTCGNEIRSYKGANTSCVGYKCCQMTIPPLLQLQVFDATVEKLEPNKQGCQVAFLTQFTLSGSLFTPPELMEYSEYTTIELEWRLDLSYMTSKRVLCKGNTFFEDSYQCSCHNGYEGNPYIPGGCQDIDECRDPHLNKCGKRKCVNVLGSYRCEKTWPAILSGTLSSGLLLLIFGMWLLCKANRKRKVAKQKRKFFQRNGGLLLQQQTSFLHGSVNRTKVFSSNDLENATDRFNASRILGQGGQGTVYKGMLEDGMIVAVKKSKALKEENLEEFINEIILLSQINHRNVVKILGCCLETEVPILVYEFIPNRNLFDHLHNPSEDFPMSWEVRLCIACEVADALSYLHSAVSIPIYHRDVKSTNILLDEKHRAKVSDFGISRSVAIDDTHLTTIVQGTIGYVDPEYLQSNHFTGKSDVYSFGVLLIELLTGEKPVSLLRRQEVRMLGAYFLEAMRNDRLHEILDARIKEECDREEVLAVAKLARRCLSLNSEHRPTMRDVFIELDRMQSKRKGTQSQAQNGEEHAHIQIAMPESMSLSYSSPNIVVENSSFSLDTKPLMPHKTQ
Q9C9L5,MSSYNSFSLWILFSLQLCFILDSADRTVSLCQPDCGGIKIPYPFGMGKGCYLEKWYEITCNTSTSGKLVPYLSVINKEVVGISLPTEGRGSRYNNPYQSVNIKNPIASKECSSNGEELGSLLNLTGTPFYVSQHNELVAVGCNNTASLTNVKPSIVQCTSSCSTKPHTHIKDYLAVLNCQNYNGYEKNCNEDSSMDESIMDETSCNGIGCCNAYMRGGSIQQIVGVTIENTITRGCKVAFLTNKAEYLSNKSDPQKLHARGYSTVELGWFIHTTNHSFIKSLGCYSVKEYNNERYTSTQRRINITSCICDDNAYLSYARCSCTRGFQGNPYRLGGCKDINECKEEEGMTYCGTNKCVNLQGHFKCVYNNHRPLAIGLGASFGSLIFVVGIYLLYKFIKKQRKLNQKKKFFKRNGGLLLQQQLISTVGMVEKTIVFSSRELEKATENFSSNRILGQGGQGTVYKGMLVDGRIVAVKKSKVVDEDKLEEFINEVVILSQINHRNIVKLLGCCLETKVPVLVYEFIPNGNLFEHLHDEFDENIMATWNIRLRIAIDIAGALSYLHSSASSPIYHRDVKSTNIMLDEKYRAKVSDFGTSRTVTVDHTHLTTVVSGTVGYMDPEYFQSSQFTDKSDVYSFGVVLVELITGEKSISFLRSQENRTLATYFILAMKENKLFDIIDARIRDGCMLSQVTATAKVARKCLNLKGRKRPSMREVSMELDSIRMPCGDMQLQECVSENEEGEEQNKGLVEDIMRAESRSKEFVTAPASHYNNIAAASSSSWSDVEPLFPLQTR
Q9LT87,MVLVYNQALLLAFFALLGFQYFPLLTEAGCPLDFTSSNFTLVASVCSNNTERAKCCRYMNAFVAISVARYANYTADLGVTSDLTEICITTISRTMELYGIPRNATIFCGLGTKILVNYDCEGLTTVPPMLHSTSFGDVSRNCKLPLPPGDQCRNCLNSSISYLRSLVGADNSIKLSTCRDATYAVLASRVDNSSALELASCFFNVPELSPTPGSSPSSLSPEASPPVLADSPSSDNLVLSPLKSHHPYHLTMVPTIGIAVTVFALVMVVVLIVLIQRKKRELDDSKSIACNLTRTSPSPRPRSMIHEGNSFGFRKFSYKEIRKATEDFNAVIGRGGFGTVYKAEFSNGLVAAVKKMNKSSEQAEDEFCREIELLARLHHRHLVALKGFCNKKNERFLVYEYMENGSLKDHLHSTEKSPLSWESRMKIAIDVANALEYLHFYCDPPLCHRDIKSSNILLDEHFVAKLADFGLAHASRDGSICFEPVNTDIRGTPGYVDPEYVVTHELTEKSDVYSYGVVLLEIITGKRAVDEGRNLVELSQPLLVSESRRIDLVDPRIKDCIDGEQLETVVAVVRWCTEKEGVARPSIKQVLRLLYESCDPLHLGLAMAVEENKGRSLRGDSGFQSGDIRGLASSSSTTSRSHCSRSFLLETGSPHSPPNGLSF
Q8H183,MDHMISENGETSAEGSICGYDSLHQLLSANLKPELYQEVNRLLLGRNCGRSLEQIVLPESAKALSSKHDFDLQAASFSADKEQMRNPRVVRVGLIQNSIALPTTAPFSDQTRGIFDKLKPIIDAAGVAGVNILCLQEAWTMPFAFCTRERRWCEFAEPVDGESTKFLQELAKKYNMVIVSPILERDIDHGEVLWNTAVIIGNNGNIIGKHRKNHIPRVGDFNESTYYMEGDTGHPVFETVFGKIAVNICYGRHHPLNWLAFGLNGAEIVFNPSATVGELSEPMWPIEARNAAIANSYFVGSINRVGTEVFPNPFTSGDGKPQHNDFGHFYGSSHFSAPDASCTPSLSRYKDGLLISDMDLNLCRQYKDKWGFRMTARYEVYADLLAKYIKPDFKPQVVSDPLLHKNST
Q8W4G6,MSSGASFIFLFFFLTSFTASVENVFYIKHICPNTTTYSRNSPYLTNLRTLLSSLSAPNASYSTGFQSARAGQAPDRVTGLFLCRGDVSPAVCRNCVAFSINDTLVQCPSERKSVFYYDECMLRYSDQNILSTLAYDGAWIRMNGNISIDQNQMNRFKDFVSSTMNQAAVKAASSPRKFYTVKATWTALQTLYGLVQCTPDLTRQDCFSCLESSIKLMPLYKTGGRTLYSSCNSRYELFAFYNETTVRTQQAPPPLPPSSTPLVTSPSLPGKSWNSNVLVVAIVLTILVAALLLIAGYCFAKRVKNSSDNAPAFDGDDITTESLQLDYRMIRAATNKFSENNKIGQGGFGEVYKGTFSNGTEVAVKRLSKSSGQGDTEFKNEVVVVAKLQHRNLVRLLGFSIGGGERILVYEYMPNKSLDYFLFDPAKQNQLDWTRRYKVIGGIARGILYLHQDSRLTIIHRDLKASNILLDADMNPKLADFGLARIFGMDQTQENTSRIVGTFGYMAPEYAIHGQFSVKSDVYSFGVLVLEIISGKKNNSFYETDGAHDLVTHAWRLWSNGTALDLVDPIIIDNCQKSEVVRCIHICLLCVQEDPAERPILSTIFMMLTSNTVTLPVPLQPGFPVQS
Q8L710,MAKTSCEIILCFFFFILSFRVISVSAQQTCDNTAGSFKPNSTYDNNRRLLLSTFASNVTAQNGYFNGSFGLGTDRVYAMGMCAPGAEPDVCSNCIKNTAEGLLQICLNQTDGFSWSGEETLCLVRYSNKSFSGLLGLEPSNDFFNVNEIRKEDQKEFDSVFDELMFRTIQGASSSVRNNSNSLSLSGKYYAKDVAPEPVYGNISVVMQCTPDVSSKDCNLCLERSLDFYKKWYNGKRGTIILRPSCFFRWELYTFFGAFDSINARHPPPPPRPLSPPPLKTPSVTNQTNITKKNDSRISGGTIAAIVVVVVVTIILIVVGLVICKRRKQKQEIELPIVLNEAESVQFDLKTIEAATGNFSEHNKLGAGGFGEVYKGMLLNGTEIAVKRLSKTSGQGEIEFKNEVVVVAKLQHINLVRLLGFSLQGEEKLLVYEFVPNKSLDYFLFDPNKRNQLDWTVRRNIIGGITRGILYLHQDSRLKIIHRDLKASNILLDADMNPKIADFGMARIFGVDQTVANTARVVGTFGYMSPEYVTHGQFSMKSDVYSFGVLILEIISGKKNSSFYQMDGLVNNLVTYVWKLWENKTMHELIDPFIKEDCKSDEVIRYVHIGLLCVQENPADRPTMSTIHQVLTTSSITLPVPQPPGFFFRNGPGSNPSSQGMVPGQSSSKSFTSSVDEATITQVNPR
F4JNH2,MATKSCELVLCFFVFFVISFSAISVSAQTCDNTTGTFIPNSPYDKNRRLILSTLASNVTAQEGYFIGSIGIAPDQVFATGMCAPGSERDVCSLCIRSTSESLLQSCLDQADAFFWSGEETLCLVRYANRPFSGLLVMDPLGAIFNTGELNTNQTVFDIEWNNLTSSMIAGITSSSSGGNNSSKYYSDDIALVPDFKNISALMQCTPDVSSEDCNTCLRQNVVDYDNCCRGHQGGVMSRPNCFFRWEVYPFSGAIDQINLPKSPPPSVTSPSPIANITKNGKSLLEHFQKIVLFCFCLFFFLFLVFFSLFVSESVQFDLKTIESATSNFSERNKLGKGGFGEVYKGMLMNGTEIAVKRLSKTSGQGEVEFKNEVVVVAKLQHINLVRLLGFSLQGEEKLLVYEFVSNKSLDYFLFDPTKRNQLDWTMRRNIIGGITRGILYLHQDSRLKIIHRDLKASNILLDADMNPKIADFGMARIFGVDQTVANTGRVVGTFGYMSPEYVTHGQFSMKSDVYSFGVLILEIISGKKNSSFYQMDGLVNNLVTYVWKLWENKSLHELLDPFINQDFTSEEVIRYIHIGLLCVQENPADRPTMSTIHQMLTNSSITLPVPLPPGFFFRNGPGSNPGQSNSKSFACSVDEATITDVNPR
A0A1P8B7N7,MKIILRNSKKKKSKENKNMSSCFKSSVSLFSVFLFMILKTVTSDPTYLYHICPNTTTYSRNSSYLTNLRTVLSSLSSPNAAYASLFDNAAAGEENDSNRVYGVFLCRGDVSAEICRDCVAFAANETLQRCPREKVAVIWYDECMVRYSNQSIVGQMRIRPGVFLTNKQNITENQVSRFNESLPALLIDVAVKAALSSRKFATEKANFTVFQTIYSLVQCTPDLTNQDCESCLRQVINYLPRCCDRSVGGRVIAPSCSFRYELYPFYNETIAAAPMAPPPSSTVTAPPLNIPSEKGKGKNLTVIVTAIAVPVSVCVLLLGAMCWLLARRRNNKLSAETEDLDEDGITSTETLQFQFSAIEAATNKFSESNKLGHGGFGEVYKGQLITGETVAIKRLSQGSTQGAEEFKNEVDVVAKLQHRNLAKLLGYCLDGEEKILVYEFVPNKSLDYFLFDNEKRRVLDWQRRYKIIEGIARGILYLHRDSRLTIIHRDLKASNILLDADMHPKISDFGMARIFGVDQTQANTKRIVGTYGYMSPEYAIHGKYSVKSDVYSFGVLVLELITGKKNSSFYEEDGLGDLVTYVWKLWVENSPLELVDEAMRGNFQTNEVIRCIHIALLCVQEDSSERPSMDDILVMMNSFTVTLPIPKRSGFLLRTMKDSRDPRSGGSASDHSATSKSLPLSVDDSSITIVYPR
F4K6F3,MKEKMQRMVLSLAMVGFMVFGVASAMNNEGKALMAIKGSFSNLVNMLLDWDDVHNSDLCSWRGVFCDNVSYSVVSLNLSSLNLGGEISPAIGDLRNLQSIDLQGNKLAGQIPDEIGNCASLVYLDLSENLLYGDIPFSISKLKQLETLNLKNNQLTGPVPATLTQIPNLKRLDLAGNHLTGEISRLLYWNEVLQYLGLRGNMLTGTLSSDMCQLTGLWYFDVRGNNLTGTIPESIGNCTSFQILDISYNQITGEIPYNIGFLQVATLSLQGNRLTGRIPEVIGLMQALAVLDLSDNELVGPIPPILGNLSFTGKLYLHGNMLTGPIPSELGNMSRLSYLQLNDNKLVGTIPPELGKLEQLFELNLSSNNFKGKIPVELGHIINLDKLDLSGNNFSGSIPLTLGDLEHLLILNLSRNHLSGQLPAEFGNLRSIQMIDVSFNLLSGVIPTELGQLQNLNSLILNNNKLHGKIPDQLTNCFTLVNLNVSFNNLSGIVPPMKNFSRFAPASFVGNPYLCGNWVGSICGPLPKSRVFSRGALICIVLGVITLLCMIFLAVYKSMQQKKILQGSSKQAEGLTKLVILHMDMAIHTFDDIMRVTENLNEKFIIGYGASSTVYKCALKSSRPIAIKRLYNQYPHNLREFETELETIGSIRHRNIVSLHGYALSPTGNLLFYDYMENGSLWDLLHGSLKKVKLDWETRLKIAVGAAQGLAYLHHDCTPRIIHRDIKSSNILLDENFEAHLSDFGIAKSIPASKTHASTYVLGTIGYIDPEYARTSRINEKSDIYSFGIVLLELLTGKKAVDNEANLHQLILSKADDNTVMEAVDPEVTVTCMDLGHIRKTFQLALLCTKRNPLERPTMLEVSRVLLSLVPSLQVAKKLPSLDHSTKKLQQENEVRNPDAEASQWFVQFREVISKSSI
O64777,MGKKRIVFFAYLPFFTIFMSFSFAGITKESPFSIGQTLSSSNGVYELGFFSLNNSQNQYLGIWFKSIIPQVVVWVANREKPVTDSAANLGISSNGSLLLSNGKHGVVWSTGDIFASNGSRAELTDHGNLVFIDKVSGRTLWQSFEHLGNTLLPTSIMMYNLVAGEKRGLTAWKSYTDPSPGEFVALITPQVPSQGIIMRGSTRYYRTGPWAKTRFTGSPQMDESYTSPFILTQDVNGSGYFSFVERGKPSRMILTSEGTMKVLVHNGMDWESTYEGPANSCDIYGVCGPFGLCVVSIPPKCKCFKGFVPKFAKEWKKGNWTSGCVRRTELHCQGNSSGKDANVFYTVPNIKPPDFYEYANSQNAEECHQNCLHNCSCLAFSYIPGIGCLMWSKDLMDTRQFSAAGELLSIRLARSELDVNKRKMTIVASTVSLTLFVIFGFAAFGFWRCRVEHNAHISNDAWRNFLQSQDVPGLEFFEMNAIQTATNNFSLSNKLGPGGFGSVYKARNGKLQDGREIAVKRLSSSSGQGKQEFMNEIVLISKLQHRNLVRVLGCCVEGTEKLLIYGFLKNKSLDTFVFDARKKLELDWPKRFEIIEGIARGLLYLHRDSRLRVIHRDLKVSNILLDEKMNPKISDFGLARMFQGTQYQEKTRRVVGTLGYMSPEYAWTGVFSEKSDIYSFGVLLLEIISGKKISSFSYGEEGKALLAYAWECWCETREVNFLDQALADSSHPSEVGRCVQIGLLCVQHEPADRPNTLELLSMLTTTSDLPLPKKPTFVVHTRKDESPSNDSMITVNEMTESVIQGR
F4I9D5,MMGICEMKSCCSWLLLISLLCSLSNESQAISPDGEALLSFRNAVTRSDSFIHQWRPEDPDPCNWNGVTCDAKTKRVITLNLTYHKIMGPLPPDIGKLDHLRLLMLHNNALYGAIPTALGNCTALEEIHLQSNYFTGPIPAEMGDLPGLQKLDMSSNTLSGPIPASLGQLKKLSNFNVSNNFLVGQIPSDGVLSGFSKNSFIGNLNLCGKHVDVVCQDDSGNPSSHSQSGQNQKKNSGKLLISASATVGALLLVALMCFWGCFLYKKLGKVEIKSLAKDVGGGASIVMFHGDLPYSSKDIIKKLEMLNEEHIIGCGGFGTVYKLAMDDGKVFALKRILKLNEGFDRFFERELEILGSIKHRYLVNLRGYCNSPTSKLLLYDYLPGGSLDEALHVERGEQLDWDSRVNIIIGAAKGLSYLHHDCSPRIIHRDIKSSNILLDGNLEARVSDFGLAKLLEDEESHITTIVAGTFGYLAPEYMQSGRATEKTDVYSFGVLVLEVLSGKRPTDASFIEKGLNVVGWLKFLISEKRPRDIVDPNCEGMQMESLDALLSIATQCVSPSPEERPTMHRVVQLLESEVMTPCPSEFYDSSSD
Q8GX94,MGISNWVFSVISVATLFVSCSFALTLDGFALLELKSGFNDTRNSLENWKDSDESPCSWTGVSCNPQDQRVVSINLPYMQLGGIISPSIGKLSRLQRLALHQNSLHGNIPNEITNCTELRAMYLRANFLQGGIPPDLGNLTFLTILDLSSNTLKGAIPSSISRLTRLRSLNLSTNFFSGEIPDIGVLSRFGVETFTGNLDLCGRQIRKPCRSSMGFPVVLPHAESADESDSPKRSSRLIKGILIGAMSTMALAFIVIFVFLWIWMLSKKERKVKKYTEVKKQKDPSETSKKLITFHGDLPYSSTELIEKLESLDEEDIVGSGGFGTVYRMVMNDLGTFAVKKIDRSRQGSDRVFEREVEILGSVKHINLVNLRGYCRLPSSRLLIYDYLTLGSLDDLLHERAQEDGLLNWNARLKIALGSARGLAYLHHDCSPKIVHRDIKSSNILLNDKLEPRVSDFGLAKLLVDEDAHVTTVVAGTFGYLAPEYLQNGRATEKSDVYSFGVLLLELVTGKRPTDPIFVKRGLNVVGWMNTVLKENRLEDVIDKRCTDVDEESVEALLEIAERCTDANPENRPAMNQVAQLLEQEVMSPSSGIDYYDDSHSDYC
Q9FII5,MKKKNISPSLVLHPLLLLLLPFFAFNSLALKFSPQLLSLLSLKTSLSGPPSAFQDWKVPVNGQNDAVWCSWSGVVCDNVTAQVISLDLSHRNLSGRIPIQIRYLSSLLYLNLSGNSLEGSFPTSIFDLTKLTTLDISRNSFDSSFPPGISKLKFLKVFNAFSNNFEGLLPSDVSRLRFLEELNFGGSYFEGEIPAAYGGLQRLKFIHLAGNVLGGKLPPRLGLLTELQHMEIGYNHFNGNIPSEFALLSNLKYFDVSNCSLSGSLPQELGNLSNLETLFLFQNGFTGEIPESYSNLKSLKLLDFSSNQLSGSIPSGFSTLKNLTWLSLISNNLSGEVPEGIGELPELTTLFLWNNNFTGVLPHKLGSNGKLETMDVSNNSFTGTIPSSLCHGNKLYKLILFSNMFEGELPKSLTRCESLWRFRSQNNRLNGTIPIGFGSLRNLTFVDLSNNRFTDQIPADFATAPVLQYLNLSTNFFHRKLPENIWKAPNLQIFSASFSNLIGEIPNYVGCKSFYRIELQGNSLNGTIPWDIGHCEKLLCLNLSQNHLNGIIPWEISTLPSIADVDLSHNLLTGTIPSDFGSSKTITTFNVSYNQLIGPIPSGSFAHLNPSFFSSNEGLCGDLVGKPCNSDRFNAGNADIDGHHKEERPKKTAGAIVWILAAAIGVGFFVLVAATRCFQKSYGNRVDGGGRNGGDIGPWKLTAFQRLNFTADDVVECLSKTDNILGMGSTGTVYKAEMPNGEIIAVKKLWGKNKENGKIRRRKSGVLAEVDVLGNVRHRNIVRLLGCCTNRDCTMLLYEYMPNGSLDDLLHGGDKTMTAAAEWTALYQIAIGVAQGICYLHHDCDPVIVHRDLKPSNILLDADFEARVADFGVAKLIQTDESMSVVAGSYGYIAPEYAYTLQVDKKSDIYSYGVILLEIITGKRSVEPEFGEGNSIVDWVRSKLKTKEDVEEVLDKSMGRSCSLIREEMKQMLRIALLCTSRSPTDRPPMRDVLLILQEAKPKRKTVGDNVIVVGDVNDVNFEDVCSVDVGHDVKCQRIGV
Q9M2Z1,MKLLLLLLLLLLLHISHSFTVAKPITELHALLSLKSSFTIDEHSPLLTSWNLSTTFCSWTGVTCDVSLRHVTSLDLSGLNLSGTLSSDVAHLPLLQNLSLAANQISGPIPPQISNLYELRHLNLSNNVFNGSFPDELSSGLVNLRVLDLYNNNLTGDLPVSLTNLTQLRHLHLGGNYFSGKIPATYGTWPVLEYLAVSGNELTGKIPPEIGNLTTLRELYIGYYNAFENGLPPEIGNLSELVRFDAANCGLTGEIPPEIGKLQKLDTLFLQVNAFTGTITQELGLISSLKSMDLSNNMFTGEIPTSFSQLKNLTLLNLFRNKLYGAIPEFIGEMPELEVLQLWENNFTGSIPQKLGENGRLVILDLSSNKLTGTLPPNMCSGNRLMTLITLGNFLFGSIPDSLGKCESLTRIRMGENFLNGSIPKELFGLPKLSQVELQDNYLTGELPISGGGVSGDLGQISLSNNQLSGSLPAAIGNLSGVQKLLLDGNKFSGSIPPEIGRLQQLSKLDFSHNLFSGRIAPEISRCKLLTFVDLSRNELSGDIPNELTGMKILNYLNLSRNHLVGSIPVTIASMQSLTSVDFSYNNLSGLVPSTGQFSYFNYTSFVGNSHLCGPYLGPCGKGTHQSHVKPLSATTKLLLVLGLLFCSMVFAIVAIIKARSLRNASEAKAWRLTAFQRLDFTCDDVLDSLKEDNIIGKGGAGIVYKGTMPKGDLVAVKRLATMSHGSSHDHGFNAEIQTLGRIRHRHIVRLLGFCSNHETNLLVYEYMPNGSLGEVLHGKKGGHLHWNTRYKIALEAAKGLCYLHHDCSPLIVHRDVKSNNILLDSNFEAHVADFGLAKFLQDSGTSECMSAIAGSYGYIAPEYAYTLKVDEKSDVYSFGVVLLELITGKKPVGEFGDGVDIVQWVRSMTDSNKDCVLKVIDLRLSSVPVHEVTHVFYVALLCVEEQAVERPTMREVVQILTEIPKIPLSKQQAAESDVTEKAPAINESSPDSGSPPDLLSN
C0LGX3,MLTNTNLFFFLSLLLLSCFLQVSSNGDAEILSRVKKTRLFDPDGNLQDWVITGDNRSPCNWTGITCHIRKGSSLAVTTIDLSGYNISGGFPYGFCRIRTLINITLSQNNLNGTIDSAPLSLCSKLQNLILNQNNFSGKLPEFSPEFRKLRVLELESNLFTGEIPQSYGRLTALQVLNLNGNPLSGIVPAFLGYLTELTRLDLAYISFDPSPIPSTLGNLSNLTDLRLTHSNLVGEIPDSIMNLVLLENLDLAMNSLTGEIPESIGRLESVYQIELYDNRLSGKLPESIGNLTELRNFDVSQNNLTGELPEKIAALQLISFNLNDNFFTGGLPDVVALNPNLVEFKIFNNSFTGTLPRNLGKFSEISEFDVSTNRFSGELPPYLCYRRKLQKIITFSNQLSGEIPESYGDCHSLNYIRMADNKLSGEVPARFWELPLTRLELANNNQLQGSIPPSISKARHLSQLEISANNFSGVIPVKLCDLRDLRVIDLSRNSFLGSIPSCINKLKNLERVEMQENMLDGEIPSSVSSCTELTELNLSNNRLRGGIPPELGDLPVLNYLDLSNNQLTGEIPAELLRLKLNQFNVSDNKLYGKIPSGFQQDIFRPSFLGNPNLCAPNLDPIRPCRSKRETRYILPISILCIVALTGALVWLFIKTKPLFKRKPKRTNKITIFQRVGFTEEDIYPQLTEDNIIGSGGSGLVYRVKLKSGQTLAVKKLWGETGQKTESESVFRSEVETLGRVRHGNIVKLLMCCNGEEFRFLVYEFMENGSLGDVLHSEKEHRAVSPLDWTTRFSIAVGAAQGLSYLHHDSVPPIVHRDVKSNNILLDHEMKPRVADFGLAKPLKREDNDGVSDVSMSCVAGSYGYIAPEYGYTSKVNEKSDVYSFGVVLLELITGKRPNDSSFGENKDIVKFAMEAALCYPSPSAEDGAMNQDSLGNYRDLSKLVDPKMKLSTREYEEIEKVLDVALLCTSSFPINRPTMRKVVELLKEKKSLE
Q6XAT2,MRRIETMKGLFFCLGMVVFMLLGSVSPMNNEGKALMAIKASFSNVANMLLDWDDVHNHDFCSWRGVFCDNVSLNVVSLNLSNLNLGGEISSALGDLMNLQSIDLQGNKLGGQIPDEIGNCVSLAYVDFSTNLLFGDIPFSISKLKQLEFLNLKNNQLTGPIPATLTQIPNLKTLDLARNQLTGEIPRLLYWNEVLQYLGLRGNMLTGTLSPDMCQLTGLWYFDVRGNNLTGTIPESIGNCTSFEILDVSYNQITGVIPYNIGFLQVATLSLQGNKLTGRIPEVIGLMQALAVLDLSDNELTGPIPPILGNLSFTGKLYLHGNKLTGQIPPELGNMSRLSYLQLNDNELVGKIPPELGKLEQLFELNLANNNLVGLIPSNISSCAALNQFNVHGNFLSGAVPLEFRNLGSLTYLNLSSNSFKGKIPAELGHIINLDTLDLSGNNFSGSIPLTLGDLEHLLILNLSRNHLNGTLPAEFGNLRSIQIIDVSFNFLAGVIPTELGQLQNINSLILNNNKIHGKIPDQLTNCFSLANLNISFNNLSGIIPPMKNFTRFSPASFFGNPFLCGNWVGSICGPSLPKSQVFTRVAVICMVLGFITLICMIFIAVYKSKQQKPVLKGSSKQPEGSTKLVILHMDMAIHTFDDIMRVTENLDEKYIIGYGASSTVYKCTSKTSRPIAIKRIYNQYPSNFREFETELETIGSIRHRNIVSLHGYALSPFGNLLFYDYMENGSLWDLLHGPGKKVKLDWETRLKIAVGAAQGLAYLHHDCTPRIIHRDIKSSNILLDGNFEARLSDFGIAKSIPATKTYASTYVLGTIGYIDPEYARTSRLNEKSDIYSFGIVLLELLTGKKAVDNEANLHQMILSKADDNTVMEAVDAEVSVTCMDSGHIKKTFQLALLCTKRNPLERPTMQEVSRVLLSLVPSPPPKKLPSPAKVQEGEERRESHSSDTTTPQWFVQFREDISKSSL
Q9S7I6,MTSLPSSVIKWRFFRRQMPSDVVFSLCLLCFASCLAGKITVLADSDKSVLLRFKKTVSDPGSILASWVEESEDYCSWFGVSCDSSSRVMALNISGSGSSEISRNRFTCGDIGKFPLYGFGVRRDCTGNHGALAGNLPSVIMSLTGLRVLSLPFNSFSGEIPVGIWGMEKLEVLDLEGNLMTGSLPDQFTGLRNLRVMNLGFNRVSGEIPNSLQNLTKLEILNLGGNKLNGTVPGFVGRFRVLHLPLNWLQGSLPKDIGDSCGKLEHLDLSGNFLTGRIPESLGKCAGLRSLLLYMNTLEETIPLEFGSLQKLEVLDVSRNTLSGPLPVELGNCSSLSVLVLSNLYNVYEDINSVRGEADLPPGADLTSMTEDFNFYQGGIPEEITRLPKLKILWVPRATLEGRFPGDWGSCQNLEMVNLGQNFFKGEIPVGLSKCKNLRLLDLSSNRLTGELLKEISVPCMSVFDVGGNSLSGVIPDFLNNTTSHCPPVVYFDRFSIESYSDPSSVYLSFFTEKAQVGTSLIDLGSDGGPAVFHNFADNNFTGTLKSIPLAQERLGKRVSYIFSAGGNRLYGQFPGNLFDNCDELKAVYVNVSFNKLSGRIPQGLNNMCTSLKILDASVNQIFGPIPTSLGDLASLVALNLSWNQLQGQIPGSLGKKMAALTYLSIANNNLTGQIPQSFGQLHSLDVLDLSSNHLSGGIPHDFVNLKNLTVLLLNNNNLSGPIPSGFATFAVFNVSSNNLSGPVPSTNGLTKCSTVSGNPYLRPCHVFSLTTPSSDSRDSTGDSITQDYASSPVENAPSQSPGKGGFNSLEIASIASASAIVSVLIALVILFFYTRKWHPKSKIMATTKREVTMFMDIGVPITFDNVVRATGNFNASNLIGNGGFGATYKAEISQDVVVAIKRLSIGRFQGVQQFHAEIKTLGRLRHPNLVTLIGYHASETEMFLVYNYLPGGNLEKFIQERSTRDWRVLHKIALDIARALAYLHDQCVPRVLHRDVKPSNILLDDDCNAYLSDFGLARLLGTSETHATTGVAGTFGYVAPEYAMTCRVSDKADVYSYGVVLLELLSDKKALDPSFVSYGNGFNIVQWACMLLRQGRAKEFFTAGLWDAGPHDDLVEVLHLAVVCTVDSLSTRPTMKQVVRRLKQLQPPSC
Q9ZRF9,MKLLGLVFLLFNLFMFSFSRKLLTESGGGLHDEAALLKLKSSFLDPNGVLSSWVSDSSSNHCSWYGVSCNSDSRVVSLILRGCDELEGSGVLHLPDLSSCSSSKRRLGGVISPVVGDLSEIRVLSLSFNDLRGEIPKEIWGLEKLEILDLKGNNFIGGIRVVDNVVLRKLMSFEDEDEIGPSSADDDSPGKSGLYPIEIASIVSASVIVFVLLVLVILFIYTRKWKRNSQVQVDEIKEIKVFVDIGIPLTYEIIVRATGYFSNSNCIGHGGFGSTYKAEVSPTNVFAVKRLSVGRFQGDQQFHAEISALEMVRHPNLVMLIGYHASETEMFLIYNYLSGGNLQDFIKERSKAAIEWKVLHKIALDVARALSYLHEQCSPKVLHRDIKPSNILLDNNYNAYLSDFGLSKLLGTSQSHVTTGVAGTFGYVAPEYAMTCRVSEKADVYSYGIVLLELISDKRALDPSFSSHENGFNIVSWAHMMLSQGKAKEVFTTGLWETGPPDDLVEVLHLALKCTVDSLSIRPTMKQAVRLLKRIQPSRL
O64842,MAVFKKKKTSLTSLFLGCYKAKNASKYEGGEKAVMKIRTCPAFKRLSLSDISDPSSPMSVMDDLSHSFTSQKLRLFTLSELRVITHNFSRSNMLGEGGFGPVYKGFIDDKVKPGIEAQPVAVKALDLHGHQGHREWLAEILFLGQLSNKHLVKLIGFCCEEEQRVLVYEYMPRGSLENQLFRRNSLAMAWGIRMKIALGAAKGLAFLHEAEKPVIYRDFKTSNILLDSDYNAKLSDFGLAKDGPEGEHTHVTTRVMGTQGYAAPEYIMTGHLTTMNDVYSFGVVLLELITGKRSMDNTRTRREQSLVEWARPMLRDQRKLERIIDPRLANQHKTEAAQVAASLAYKCLSQHPKYRPTMCEVVKVLESIQEVDIRKHDGNNNKEGKKFVDINKFRHHRKGKRRVNIAYSDSLVYKESKAKQNDGI
Q1PE89,MSCFLGPSTNNKSRENEGSSMAAPYEQQNLPRNDRRQITTWEAVGTNKESPKNIKAKSFKFRELATATNSFRQEFLIGEGGFGRVYKGKMEKTGQVVAVKQLDRNGLQGNREFLVEIFRLSLLHHPNLANLIGYCLDGDQRLLVHEFMPLGSLEDHLLDVVVGQQPLDWNSRIRIALGAAKGLEYLHEKANPPVIYRDFKSSNILLNVDFDAKLSDFGLAKLGSVGDTQNVSSRVVGTYGYCAPEYHKTGQLTVKSDVYSFGVVLLELITGKRVIDTTRPCHEQNLVTWAQPIFREPNRFPELADPLLQGEFPEKSLNQAVAIAAMCLQEEPIVRPLISDVVTALSFMSTETGSPSGLTGTALNPLSPKTVEDQGWLQCESPRDVYSLL
Q9LVN2,MRLSLWGSLLFFSFFVKHLTSLDPNTDAYHLSSFFSAMRLPNSPQAHTFSSLCSWPGVVVCDSSENVLHISASGLDLSGSIPDNTIGKMSKLQTLDLSGNKITSLPSDLWSLSLLESLNLSSNRISEPLPSNIGNFMSLHTLDLSFNSISGKIPAAISNLVNLTTLKLHNNDFQFGVPPELVHCRSLLSIDLSSNRLNESLPVGFGSAFPLLKSLNLSRNLFQGSLIGVLHENVETVDLSENRFDGHILQLIPGHKHNWSSLIHLDLSDNSFVGHIFNGLSSAHKLGHLNLACNRFRAQEFPEIGKLSALHYLNLSRTNLTNIIPREISRLSHLKVLDLSSNNLTGHVPMLSVKNIEVLDLSLNKLDGDIPRPLLEKLAMMQRFNFSFNNLTFCNPNFSQETIQRSFINIRNNCPFAAKPIITKGKKVNKKNTGLKIGLGLAISMAFLLIGLLLILVALRVRRKSRTWATKLAINNTEPNSPDQHDSTTDIKQATQIPVVMIDKPLMKMTLADLKAATFNFDRGTMLWEGKSGPTYGAVLPGGFRAALKVIPSGTTLTDTEVSIAFERLARINHPNLFPLCGYCIATEQRIAIYEDLDMVNLQSLLHNNGDDSAPWRLRHKIALGTARALAFLHHGCIPPMVHGEVKAATILLDSSQEPRLADFGLVKLLDEQFPGSESLDGYTPPEQERNASPTLESDVYSFGVVLLELVSGKKPEGDLVNWVRGLVRQGQGLRAIDPTMQETVPEDEIAEAVKIGYLCTADLPWKRPTMQQVVGLLKDISPNY
Q8LDB7,MQIFSCFCCGKGFDRQKKVKTEPSWRIFSLKELHAATNSFNYDNKLGEGRFGSVYWGQLWDGSQIAVKRLKAWSSREEIDFAVEVEILARIRHKNLLSVRGYCAEGQERLIVYDYMPNLSLVSHLHGQHSSESLLDWTRRMNIAVSSAQAIAYLHHFATPRIVHGDVRASNVLLDSEFEARVTDFGYDKLMPDDGANKSTKGNNIGYLSPECIESGKESDMGDVYSFGVLLLELVTGKRPTERVNLTTKRGITEWVLPLVYERKFGEIVDQRLNGKYVEEELKRIVLVGLMCAQRESEKRPTMSEVVEMLMIESKEKMAQLEANPLFNGNNDGEVIDESSEIISEVRDHQ
Q9FHK1,MAMSDLPNDLVEEIISRVPVKSIRAVSSTCKNWNTLSNDHSFTRKLFGKTITTKENECLVVMMMDSKVYLMSVNLHRIHKENDDNNIKSSIMHKAKLISLNDDDILNNTYIIFHCNGLLLLLGFTDDGIKLVVTNPHLGQTRWIKPRKANYQFCDKYAIGYEKKKNNSLRTNKMLLFHKESFCFRIYWFEIYNFNSASWNVFYFTRDWELPYSQGVSLKGNTYWFAREINIRGERIDDPPDFLICFDFTTERFGPRLHLPFHSHSDDTVILSSVREEQLAVLIKRFDLWRMEIWVTTKIEPKEVSWNKLFLAVDMIPLITAFQFCNVSFFIDEKKNVVVVLGKDVLNTRNIANIIGNDGYFKQVDLGESTNKYCYPLVCSYVPSSVQIKQATRVMHHHHIVLRAVVRAVRDSDRERKLNNGREHKISRRTRIHERILFRMLKLDEEAIGIRSRSVPRDRYQQGFASSPCRA
Q9SGP2,MYLLFLFLLFPTVFSLNQDGFILQQVKLSLDDPDSYLSSWNSNDASPCRWSGVSCAGDFSSVTSVDLSSANLAGPFPSVICRLSNLAHLSLYNNSINSTLPLNIAACKSLQTLDLSQNLLTGELPQTLADIPTLVHLDLTGNNFSGDIPASFGKFENLEVLSLVYNLLDGTIPPFLGNISTLKMLNLSYNPFSPSRIPPEFGNLTNLEVMWLTECHLVGQIPDSLGQLSKLVDLDLALNDLVGHIPPSLGGLTNVVQIELYNNSLTGEIPPELGNLKSLRLLDASMNQLTGKIPDELCRVPLESLNLYENNLEGELPASIALSPNLYEIRIFGNRLTGGLPKDLGLNSPLRWLDVSENEFSGDLPADLCAKGELEELLIIHNSFSGVIPESLADCRSLTRIRLAYNRFSGSVPTGFWGLPHVNLLELVNNSFSGEISKSIGGASNLSLLILSNNEFTGSLPEEIGSLDNLNQLSASGNKFSGSLPDSLMSLGELGTLDLHGNQFSGELTSGIKSWKKLNELNLADNEFTGKIPDEIGSLSVLNYLDLSGNMFSGKIPVSLQSLKLNQLNLSYNRLSGDLPPSLAKDMYKNSFIGNPGLCGDIKGLCGSENEAKKRGYVWLLRSIFVLAAMVLLAGVAWFYFKYRTFKKARAMERSKWTLMSFHKLGFSEHEILESLDEDNVIGAGASGKVYKVVLTNGETVAVKRLWTGSVKETGDCDPEKGYKPGVQDEAFEAEVETLGKIRHKNIVKLWCCCSTRDCKLLVYEYMPNGSLGDLLHSSKGGMLGWQTRFKIILDAAEGLSYLHHDSVPPIVHRDIKSNNILIDGDYGARVADFGVAKAVDLTGKAPKSMSVIAGSCGYIAPEYAYTLRVNEKSDIYSFGVVILEIVTRKRPVDPELGEKDLVKWVCSTLDQKGIEHVIDPKLDSCFKEEISKILNVGLLCTSPLPINRPSMRRVVKMLQEIGGGDEDSLHKIRDDKDGKLTPYYNEDTSDQGSIA
O48814,MGSCFSSRVKADIFHNGKSSDLYGLSLSSRKSSSTVAAAQKTEGEILSSTPVKSFTFNELKLATRNFRPDSVIGEGGFGCVFKGWLDESTLTPTKPGTGLVIAVKKLNQEGFQGHREWLTEINYLGQLSHPNLVKLIGYCLEDEHRLLVYEFMQKGSLENHLFRRGAYFKPLPWFLRVNVALDAAKGLAFLHSDPVKVIYRDIKASNILLDADYNAKLSDFGLARDGPMGDLSYVSTRVMGTYGYAAPEYMSSGHLNARSDVYSFGVLLLEILSGKRALDHNRPAKEENLVDWARPYLTSKRKVLLIVDNRLDTQYLPEEAVRMASVAVQCLSFEPKSRPTMDQVVRALQQLQDNLGKPSQTNPVKDTKKLGFKTGTTKSSEKRFTQKPFGRHLV
Q9LSK7,MDPSLGDPHHPPQFTPFPHFPTSNHHPLGPNPYNNHVVFQPQPQTQTQIPQPQMFQLSPHVSMPHPPYSEMICAAIAALNEPDGSSKMAISRYIERCYTGLTSAHAALLTHHLKTLKTSGVLSMVKKSYKIAGSSTPPASVAVAAAAAAQGLDVPRSEILHSSNNDPMASGSASQPLKRGRGRPPKPKPESQPQPLQQLPPTNQVQANGQPIWEQQQVQSPVPVPTPVTESAKRGPGRPRKNGSAAPATAPIVQASVMAGIMKRRGRPPGRRAAGRQRKPKSVSSTASVYPYVANGARRRGRPRRVVDPSSIVSVAPVGGENVAAVAPGMKRGRGRPPKIGGVISRLIMKPKRGRGRPVGRPRKIGTSVTTGTQDSGELKKKFDIFQEKVKEIVKVLKDGVTSENQAVVQAIKDLEALTVTETVEPQVMEEVQPEETAAPQTEAQQTEAAETQGGQEEGQEREGETQTQTEAEAMQEALF
Q9LME2,MQKLGFPAMKSLDKPRSLSGSANMYSFSNRKPPDSVSSGSFSNLKLTAEKLVKDQAAMRTDLELANCKLKKSMEHVYALEEKLQNAFNENAKLRVRKKEDEKLWRGLESKFSSTKTLCDQLTETLQHLASQVQDAEKDKGFFETKFSTSSEAIDSLNQQMRDMSLRLDAAKEEITSRDKELEELKLEKQQKEMFYQTERCGTASLIEKKDAVITKLEASAAERKLNIENLNSQLEKVHLELTTKEDEVKDLVSIQEKLEKEKTSVQLSADNCFEKLVSSEQEVKKLDELVQYLVAELTELDKKNLTFKEKFDKLSGLYDTHIMLLQKDRDLALDRAQRSFDNLQGELFRVAATKEALESAGNELNEKIVELQNDKESLISQLSGLRCSTSQTIDKLESEAKGLVSKHADAESAISQLKEEMETLLESVKTSEDKKQELSLKLSSLEMESKEKCEKLQADAQRQVEELETLQKESESHQLQADLLAKEVNQLQTVIEEKGHVILQCNENEKQLNQQIIKDKELLATAETKLAEAKKQYDLMLESKQLELSRHLKELSQRNDQAINEIRRKYDVEKHEIINSEKDKVEKIIKDLSNKFDKELSDCKEESKRQLLTIQEEHSSLILSLREEHESKELNLKAKYDQELRQSQIQAENELKERITALKSEHDAQLKAFKCQYEDDCKKLQEELDLQRKKEERQRALVQLQWKVMSDNPPEEQEVNSNKNYSISKDSRLGGSKRSEHIRVRSDNDNVQDSPFVKAKETPVSKILKKAQNVNAGSVLSIPNPKHHSKVTHREYEVETNNGRVTKRRKTRNTTMFEEPQRRRTRATPKLTPQSIAKGTGMTSHARSANIGDLFSEGSLNPYADDPYAFD
E1AQY1,MEIEIKLRLPSPSAHQLLSDALSPFHLKTHLQHNLFFDTAAGDLASVFSALRIRFYDANAKCVLSLKSRPKLSEGVSHVEEDEEEIDPQIGQEVTANPSKMGSLLEKSRIWRRVVDEIGVADDGGEFVCLGGFRNVRAVYRWVEGLILELDETEYGFGTSYEIECETTEPERVKGLLEGFLKEKGIPYEYSGASKFAVFRSGKLLP
Q9LSA9,MAIPLPLTSCSPISTSSSISRTSFVPLTLRNRTFFSNQNYSRRVLISCSSSLSSDNGSSPDSMNGNGNGNGSSLNGQSSFPRLPSFDGTSKPPLKWRRVLLKVSGEALAGDEEQNIDPKVTMAIAREVAAVTRLGIEVAIVVGGGNIFRGSTWAGCSGLDRSSADYIGMLATVMNAIFLQATMESIGIPTRVQTAFRMSEVAEPYIRRRAIRHLEKGRVVIFAAGTGNPFFTTDTAAALRCAEINAEVVLKATNVDGVFDDDPKRNPNARLLDSLTYQEVTSKDLSVMDMTAITLCQENNIPVVVFNLSEPGNIAKAIKGERVGTLIGGTWNSIVTTTS
Q9ZPF5,MWKIGQRGVPYFQRLIAAPFTTLRSLPTSLVETGQNRVIDASLTLIRERAKLKGELVRLIGGAKATTALLGVPLGHNSSFLEGPALAPPHVREAIWCGSTNSTTEEGKELKDPRVLSDVGDIPVQEIREMGVDDDRLMKVVSESVKLVMEEEPLRPLVIGGDHSISYPVVRAVSEKLGGPVDILHLDAHPDIYDRFEGNYYSHASSFARIMEGGYARRLLQVGIRSINKEGREQGKRFGVEQYEMRTFSKDRQMLENLKLGEGVKGVYISIDVDCLDPGFAHGVSHFEPGGLSFRDVLNILHNLQGDLVGADVVEYNPQRDTADDMTAMVAAKFVRELAAKMSK
Q9FNJ8,MQTISPAFSCDLKSVIQPNLTAKKARYSHVNGKRVSVRCSYRSESFSFPNGVGSSRADWQSSCAILASKVVSAENSSSVAVVNGHSNGSVDLSLVPSKSQHNGKPGLIQPLTITDLSPAPSHGSTLRVAYQGVPGAYSEAAAGKAYPNSEAIPCDQFDVAFQAVELWIADRAVLPVENSLGGSIHRNYDLLLRHRLHIVGEVQIPVHHCLLALPGVRTDCITRVISHPQALAQTEGSLNKLTPKAAIEAFHDTAAAAEYIAANNLHDTAAVASARAAELYGLQILADGIQDDAGNVTRFLMLARDPIIPRTDRPFKTSIVFAAQEHKGTSVLFKVLSAFAFRNISLTKIESRPHQNCPVRVVGDENVGTSKHFEYTFYVDFEASMAEARAQNALAEVQEYTSFLRVLGSYPMDMTPWSTLPSEDV
Q9SSE7,MAMHTVRLSPATQLHGGISSNLSPPNRKPNNSIVRYGCGSSKRFRIVTVLASLRENDANGRDNSVRAMEVKKIFEDSPLLPKPLSSNQLTESVSNGSRVRVAYQGVRGAYSESAAEKAYPNCEAVPCEEFDTAFEAVERWLVDRAVLPIENSLGGSIHRNYDLLLRHNLHIVGEVKLAVRHCLLANHGVNIEDLRRVLSHPQALAQCENTLTKLGLVREAVDDTAGAAKQIAFENLNDAAAVASEKAAKIYGLNIVAKDIQDDCDNVTRFLMLAREPIIPGTNRLFKTSIVFSLEEGPGVLFKALAVFALRQINLTKIESRPLRKHPLRASGGLKYFDYLFYVDFEASMADEVAQNALRHLEEFATFLRVLGSYPVDTTML
Q9LZ66,MSSTFRAPAGAATVFTADQKIRLGRLDALRSSHSVFLGRYGRGGVPVPPSASSSSSSPIQAVSTPAKPETATKRSKVEIIKEKSNFIRYPLNEELLTEAPNVNESAVQLIKFHGSYQQYNREERGGRSYSFMLRTKNPSGKVPNQLYLTMDDLADEFGIGTLRLTTRQTFQLHGVLKQNLKTVMSSIIKNMGSTLGACGDLNRNVLAPAAPYVKKDYLFAQETADNIAALLSPQSGFYYDMWVDGEQFMTAEPPEVVKARNDNSHGTNFVDSPEPIYGTQFLPRKFKVAVTVPTDNSVDLLTNDIGVVVVSDENGEPQGFNIYVGGGMGRTHRMESTFARLAEPIGYVPKEDILYAVKAIVVTQREHGRRDDRKYSRMKYLISSWGIEKFRDVVEQYYGKKFEPSRELPEWEFKSYLGWHEQGDGAWFCGLHVDSGRVGGIMKKTLREVIEKYKIDVRITPNQNIVLCDIKTEWKRPITTVLAQAGLLQPEFVDPLNQTAMACPAFPLCPLAITEAERGIPSILKRVRAMFEKVGLDYDESVVIRVTGCPNGCARPYMAELGLVGDGPNSYQVWLGGTPNLTQIARSFMDKVKVHDLEKVCEPLFYHWKLERQTKESFGEYTTRMGFEKLKELIDTYKGVSQ
K7TS29,MSSGPAACGVCGAAACCPHLLHTGDGNDDDLISRAFFSVFPVVGHHRRHESTSSPAMQQPSGCLHEFQFFGHQDDHHHQETIAWLLDHPPPPAPELGGDDGPSPAGDENDDQPAFHPFGTPQYHHPGKGNGNGLTFELDATLGLGTARQTTETAEASATIMSFSGSTFTDAASKEPALIDDGNELQMPVDQSSTEREVKLMRYKEKRMRRCFEKQIRYASRKAYAQVRPRVKGRFAKVTE
P13114,MVMAGASSLDEIRQAQRADGPAGILAIGTANPENHVLQAEYPDYYFRITNSEHMTDLKEKFKRMCDKSTIRKRHMHLTEEFLKENPHMCAYMAPSLDTRQDIVVVEVPKLGKEAAVKAIKEWGQPKSKITHVVFCTTSGVDMPGADYQLTKLLGLRPSVKRLMMYQQGCFAGGTVLRIAKDLAENNRGARVLVVCSEITAVTFRGPSDTHLDSLVGQALFSDGAAALIVGSDPDTSVGEKPIFEMVSAAQTILPDSDGAIDGHLREVGLTFHLLKDVPGLISKNIVKSLDEAFKPLGISDWNSLFWIAHPGGPAILDQVEIKLGLKEEKMRATRHVLSEYGNMSSACVLFILDEMRRKSAKDGVATTGEGLEWGVLFGFGPGLTVETVVLHSVPL
A0A0P0XII1,MEASTSLLVLVLAAAAFAAGTVTEAAGDGCSAGCDLALASFYVTPNQNVTNMADLFGIGAANYRSLAPYNPNIPNLDFINVGGRVNVYFTCGCRSLPGSPGATYLAGAFPFQMSRGQIYTSVAANYNNLTTAEWLQATNSYPANNIPDTAVINATVNCSCGDASISPDYGLFLTYPLRAEDTLASVAATYGLSSQLDVVRRYNPGMESATGSGIVYIPVKDPNGSYLPLKSPGKGASAGAIAGGVVAGVVVLAAIFLYIIFYRRRKAKQATLLQSSEDSTQLGTISMDKVTPSTIVGPSPVAGITVDKSVEFSYEELSNATQGFSIGNKIGQGGFGAVYYAELRGEKAAIKKMDMQATHEFLAELKVLTHVHHLNLVRLIGYCIESSLFLVYEFIENGNLSQHLRGMGYEPLSWAARIQIALDSARGLEYIHEHTVPVYIHRDIKSANILIDKNYRAKVADFGLTKLTEVGGTSMPTGTRVVGTFGYMPPEYARYGDVSPKVDVYAFGVVLYELISAKEAIVRSTESSSDSKGLVYLFEEALNSPDPKEGLRTLIDPKLGEDYPIDSILKLTQLAKVCTQEDPKLRPSMRSVVVALMTLSSTSEFWDMNNLYENQGLVNLMSGR
Q40143,MSRLSLVLILVAGLFATALAGPATFADKNPIRQVVFPDELENGILQVVGQTRSALSFARFAIRHRKRYDSVEEIKQRFEIFLDNLKMIRSHNRKGLSYKLGINEFTDLTWDEFRKHKLGASQNCSATTKGNLKLTNVVLPETKDWRKDGIVSPVKAQGKCGSCWTFSTTGALEAAYAQAFGKGISLSEQQLVDCAGAFNNFGCNGGLPSQAFEYIKFNGGLDTEEAYPYTGKNGICKFSQANIGVKVISSVNITLGAEYELKYAVALVRPVSVAFEVVKGFKQYKSGVYASTECGDTPMDVNHAVLAVGYGVENGTPYWLIKNSWGADWGEDGYFKMEMGKNMCGVATCASYPIVA
O82132,MAVYDQSGDRNRTQIDTSRKRKSRSRGDGTTVAERLKRWKEYNETVEEVSTKKRKVPAKGSKKGCMKGKGGPENSRCSFRGVRQRIWGKWVAEIREPNRGSRLWLGTFPTAQEAASAYDEAAKAMYGPLARLNFPRSDASEVTSTSSQSEVCTVETPGCVHVKTEDPDCESKPFSGGVEPMYCLENGAEEMKRGVKADKHWLSEFEHNYWSDILKEKEKQKEQGIVETCQQQQQDSLSVADYGWPNDVDQSHLDSSDMFDVDELLRDLNGDDVFAGLNQDRYPGNSVANGSYRPESQQSGFDPLQSLNYGIPPFQLEGKDGNGFFDDLSYLDLEN
Q1PDI2,MESPSIGDSLTARMIPRHSSLDSFGAMKVSLLVNLASIRVSKAELRQRVMLPQYLRIAIRDCILRKDDSFDASSSVAPPLENNALTPEVPLMVFVNPKSGGRQGPLIKERLQNLISEEQVYDLTEVKPNEFIRYGLGCLEAFASRGDECAKEIREKMRIVVAGGDGTVGWVLGCLGELNLQNRLPVPPVSIMPLGTGNDLSRSFGWGGSFPFAWKSAIKRTLHRASVAPISRLDSWNILITMPSGEIVDPPYSLKATQECYIDQNLEIEGEIPPSTNGYEGVFYNYFSIGMDAQVAYGFHHLRNEKPYLANGPIANKIIYSGYGCSQGWFLTHCINDPGLRGLKNIMTLHIKKLDSSEWEKVPVPKSVRAVVALNLHSYGSGRNPWGNLKQDYLEKRGFVEAQADDGLLEIFGLKQGWHASFVMVELISAKHIAQAAAIRLEIRGGDWKDAFMQMDGEPWKQPMTRDYSTFVDIKRVPHQSLVVKGD
Q0WL56,MGKEKFHINIVVIGHVDSGKSTTTGHLIYKLGGIDKRVIERFEKEAAEMNKRSFKYAWVLDKLKAERERGITIDIALWKFETTKYYCTVIDAPGHRDFIKNMITGTSQADCAVLIIDSTTGGFEAGISKDGQTREHALLAFTLGVKQMICCCNKMDATTPKYSKARYDEIIKEVSSYLKKVGYNPDKIPFVPISGFEGDNMIERSTNLDWYKGPTLLEALDQINEPKRPSDKPLRLPLQDVYKIGGIGTVPVGRVETGMIKPGMVVTFAPTGLTTEVKSVEMHHESLLEALPGDNVGFNVKNVAVKDLKRGYVASNSKDDPAKGAANFTSQVIIMNHPGQIGNGYAPVLDCHTSHIAVKFSEILTKIDRRSGKEIEKEPKFLKNGDAGMVKMTPTKPMVVETFSEYPPLGRFAVRDMRQTVAVGVIKSVDKKDPTGAKVTKAAVKKGAK
Q9SIM9,MASTTLSDLPDVILSTISSLVSDSRARNSLSLVSHKFLALERSTRSHLTIRGNARDLSLVPDCFRSISHLDLSFLSPWGHTLLASLPIDHQNLLALRLKFCFPFVESLNVYTRSPSSLELLLPQWPRIRHIKLLRWHQRASQIPTGGDFVPIFEHCGGFLESLDLSNFYHWTEDLPPVLLRYADVAARLTRLDLLTASFTEGYKSSEIVSITKSCPNLKTFRVACTFDPRYFEFVGDETLSAVATSSPKLTLLHMVDTASLANPRAIPGTEAGDSAVTAGTLIEVFSGLPNLEELVLDVGKDVKHSGVALEALNSKCKKLRVLKLGQFQGVCSATEWRRLDGVALCGGLQSLSIKNSGDLTDMGLVAIGRGCCKLTTFEIQGCENVTVDGLRTMVSLRSKTLTDVRISCCKNLDTAASLKAIEPICDRIKRLHIDCVWSGSEDEEVEGRVETSEADHEEEDDGYERSQKRCKYSFEEEHCSTSDVNGFCSEDRVWEKLEYLSLWINVGEFLTPLPMTGLDDCPNLEEIRIKIEGDCRGKRRPAEPEFGLSCLALYPKLSKMQLDCGDTIGFALTAPPMQMDLSLWERFFLTGIGSLSLSELDYWPPQDRDVNQRSLSLPGAGLLQECLTLRKLFIHGTAHEHFMNFLLRIPNLRDVQLRADYYPAPENDMSTEMRVGSCSRFEDQLNSRNIID
A0A1P8APX2,MVPAVNPPTTSNHVAVIGAGAAGLVAARELRREGHSVVVFERGNHIGGVWAYTPNVEPDPLSIDPTRPVIHSSLYSSLRTIIPQECMGFTDFPFSTRLENGSRDPRRHPGHSEVLAYLRDFVREFKIEEMIRFETEVVRVEQAGENPKKWRVKSRNFGDISDEIYDAVVVCNGHYTEPRHALIPGNKINHSFSIGLGIDTWPGKQIHSHNYRVPEQVKDQVVVVIGSSVSGVDISRDIANVTKEVHISSRSTKPETYEKLPGYDNLWLHSNIETVREDGSVVFKNGKTVYADTIMHCTGYKYYFPFLDTKGEVTVEDNRVGPLYKHVFPPALSPGLSFIGLPWQGFTPLTRRDGRY
D9MWM6,MWPLCLIIDKMIEIAGGDRDDDDDSAASISHHSHFVDVPHVQQMFSWDCGLACVSMVLMTLSVGDYDIQQLAELCNTTSIWTVDLAYLLHKFSVNFSFFTVTLGANPNYSAETFYREQLQDDVERVERLFNKALDTGICIQCRSISVQEICTLILSGQYIAVALVDKIKLSPSWLKDVCIPVYYYESSNYMGHYVVICGYDADTKEFEIRDPASTRKYVRVSLESLDEARKSFGTDEDILLVSLNLSNGGKLASDS
Q0PY32,MHQISWSHVWPFCILLSKFMRSDDEDAQQPAGNEFALVGSFPFKQSLDRVESKAVLSSKSFSVEVPHVKQLYTWDCGLACVVMVLRTLGIYNSNIEELAQSCSTTSIWTVDLAYMLRKFSVNFSYFTITIGANPNFCVETFYKEQLPSDLARVNTLFQKAREAGINIECRSISGEEMCMLILSGNCIAIALVDHHKLSHYWSEDGCIQNFYPKSPGYTGHYVVICGYDAAMDEFEIRDPASSRKHEKVTSRRLAEARKSFGTDEDLLLIHLEKGVDLNRPLSSLSS
