protein_name,sequence
sp|P00550|PTM3C_ECOLI PTS system mannitol-specific EIICBA component OS=Escherichia coli (strain K12) OX=83333 GN=mtlA PE=1 SV=1,MSSDIKIKVQSFGRFLSNMVMPNIGAFIAWGIITALFIPTGWLPNETLAKLVGPMITYLLPLLIGYTGGKLVGGERGGVVGAITTMGVIVGADMPMFLGSMIAGPLGGWCIKHFDRWVDGKIKSGFEMLVNNFSAGIIGMILAILAFLGIGPIVEALSKMLAAGVNFMVVHDMLPLASIFVEPAKILFLNNAINHGIFSPLGIQQSHELGKSIFFLIEANPGPGMGVLLAYMFFGRGSAKQSAGGAAIIHFLGGIHEIYFPYVLMNPRLILAVILGGMTGVFTLTILGGGLVSPASPGSILAVLAMTPKGAYFANIAGVCAAMAVSFVVSAILLKTSKVKEEDDIEAATRRMQDMKAESKGASPLSAGDVTNDLSHVRKIIVACDAGMGSSAMGAGVLRKKIQDAGLSQISVTNSAINNLPPDVDLVITHRDLTERAMRQVPQAQHISLTNFLDSGLYTSLTERLVAAQRHTANEEKVKDSLKDSFDDSSANLFKLGAENIFLGRKAATKEEAIRFAGEQLVKGGYVEPEYVQAMLDREKLTPTYLGESIAVPHGTVEAKDRVLKTGVVFCQYPEGVRFGEEEDDIARLVIGIAARNNEHIQVITSLTNALDDESVIERLAHTTSVDEVLELLAGRK
sp|P03004|DNAA_ECOLI Chromosomal replication initiator protein DnaA OS=Escherichia coli (strain K12) OX=83333 GN=dnaA PE=1 SV=2,MSLSLWQQCLARLQDELPATEFSMWIRPLQAELSDNTLALYAPNRFVLDWVRDKYLNNINGLLTSFCGADAPQLRFEVGTKPVTQTPQAAVTSNVAAPAQVAQTQPQRAAPSTRSGWDNVPAPAEPTYRSNVNVKHTFDNFVEGKSNQLARAAARQVADNPGGAYNPLFLYGGTGLGKTHLLHAVGNGIMARKPNAKVVYMHSERFVQDMVKALQNNAIEEFKRYYRSVDALLIDDIQFFANKERSQEEFFHTFNALLEGNQQIILTSDRYPKEINGVEDRLKSRFGWGLTVAIEPPELETRVAILMKKADENDIRLPGEVAFFIAKRLRSNVRELEGALNRVIANANFTGRAITIDFVREALRDLLALQEKLVTIDNIQKTVAEYYKIKVADLLSKRRSRSVARPRQMAMALAKELTNHSLPEIGDAFGGRDHTTVLHACRKIEQLREESHDIKEDFSNLIRTLSS
sp|P04395|3MG2_ECOLI DNA-3-methyladenine glycosylase 2 OS=Escherichia coli (strain K12) OX=83333 GN=alkA PE=1 SV=1,MYTLNWQPPYDWSWMLGFLAARAVSSVETVADSYYARSLAVGEYRGVVTAIPDIARHTLHINLSAGLEPVAAECLAKMSRLFDLQCNPQIVNGALGRLGAARPGLRLPGCVDAFEQGVRAILGQLVSVAMAAKLTARVAQLYGERLDDFPEYICFPTPQRLAAADPQALKALGMPLKRAEALIHLANAALEGTLPMTIPGDVEQAMKTLQTFPGIGRWTANYFALRGWQAKDVFLPDDYLIKQRFPGMTPAQIRRYAERWKPWRSYALLHIWYTEGWQPDEA
sp|P0A8H3|ZUPT_ECOLI Zinc transporter ZupT OS=Escherichia coli (strain K12) OX=83333 GN=zupT PE=1 SV=1,MSVPLILTILAGAATFIGAFLGVLGQKPSNRLLAFSLGFAAGIMLLISLMEMLPAALAAEGMSPVLGYGMFIFGLLGYFGLDRMLPHAHPQDLMQKSVQPLPKSIKRTAILLTLGISLHNFPEGIATFVTASSNLELGFGIALAVALHNIPEGLAVAGPVYAATGSKRTAILWAGISGLAEILGGVLAWLILGSMISPVVMAAIMAAVAGIMVALSVDELMPLAKEIDPNNNPSYGVLCGMSVMGFSLVLLQTAGIG
sp|P0AAD8|TDCC_ECOLI Threonine/serine transporter TdcC OS=Escherichia coli (strain K12) OX=83333 GN=tdcC PE=1 SV=1,MSTSDSIVSSQTKQSSWRKSDTTWTLGLFGTAIGAGVLFFPIRAGFGGLIPILLMLVLAYPIAFYCHRALARLCLSGSNPSGNITETVEEHFGKTGGVVITFLYFFAICPLLWIYGVTITNTFMTFWENQLGFAPLNRGFVALFLLLLMAFVIWFGKDLMVKVMSYLVWPFIASLVLISLSLIPYWNSAVIDQVDLGSLSLTGHDGILITVWLGISIMVFSFNFSPIVSSFVVSKREEYEKDFGRDFTERKCSQIISRASMLMVAVVMFFAFSCLFTLSPANMAEAKAQNIPVLSYLANHFASMTGTKTTFAITLEYAASIIALVAIFKSFFGHYLGTLEGLNGLVLKFGYKGDKTKVSLGKLNTISMIFIMGSTWVVAYANPNILDLIEAMGAPIIASLLCLLPMYAIRKAPSLAKYRGRLDNVFVTVIGLLTILNIVYKLF
sp|P0ABI4|CORA_ECOLI Magnesium transport protein CorA OS=Escherichia coli (strain K12) OX=83333 GN=corA PE=1 SV=1,MLSAFQLENNRLTRLEVEESQPLVNAVWIDLVEPDDDERLRVQSELGQSLATRPELEDIEASARFFEDDDGLHIHSFFFFEDAEDHAGNSTVAFTIRDGRLFTLRERELPAFRLYRMRARSQSMVDGNAYELLLDLFETKIEQLADEIENIYSDLEQLSRVIMEGHQGDEYDEALSTLAELEDIGWKVRLCLMDTQRALNFLVRKARLPGGQLEQAREILRDIESLLPHNESLFQKVNFLMQAAMGFINIEQNRIIKIFSVVSVVFLPPTLVASSYGMNFEFMPELKWSFGYPGAIIFMILAGLAPYLYFKRKNWL
sp|P0AD99|BRNQ_ECOLI Branched-chain amino acid transport system 2 carrier protein OS=Escherichia coli (strain K12) OX=83333 GN=brnQ PE=1 SV=1,MTHQLRSRDIIALGFMTFALFVGAGNIIFPPMVGLQAGEHVWTAAFGFLITAVGLPVLTVVALAKVGGGVDSLSTPIGKVAGVLLATVCYLAVGPLFATPRTATVSFEVGIAPLTGDSALPLFIYSLVYFAIVILVSLYPGKLLDTVGNFLAPLKIIALVILSVAAIVWPAGSISTATEAYQNAAFSNGFVNGYLTMDTLGAMVFGIVIVNAARSRGVTEARLLTRYTVWAGLMAGVGLTLLYLALFRLGSDSASLVDQSANGAAILHAYVQHTFGGGGSFLLAALIFIACLVTAVGLTCACAEFFAQYVPLSYRTLVFILGGFSMVVSNLGLSQLIQISVPVLTAIYPPCIALVVLSFTRSWWHNSSRVIAPPMFISLLFGILDGIKASAFSDILPSWAQRLPLAEQGLAWLMPTVVMVVLAIIWDRAAGRQVTSSAH
sp|P0AFJ7|PITA_ECOLI Low-affinity inorganic phosphate transporter 1 OS=Escherichia coli (strain K12) OX=83333 GN=pitA PE=1 SV=1,MLHLFAGLDLHTGLLLLLALAFVLFYEAINGFHDTANAVATVIYTRAMRSQLAVVMAAVFNFLGVLLGGLSVAYAIVHMLPTDLLLNMGSSHGLAMVFSMLLAAIIWNLGTWYFGLPASSSHTLIGAIIGIGLTNALMTGTSVVDALNIPKVLSIFGSLIVSPIVGLVFAGGLIFLLRRYWSGTKKRARIHLTPAEREKKDGKKKPPFWTRIALILSAIGVAFSHGANDGQKGIGLVMLVLIGVAPAGFVVNMNATGYEITRTRDAINNVEAYFEQHPALLKQATGADQLVPAPEAGATQPAEFHCHPSNTINALNRLKGMLTTDVESYDKLSLDQRSQMRRIMLCVSDTIDKVVKMPGVSADDQRLLKKLKSDMLSTIEYAPVWIIMAVALALGIGTMIGWRRVATTIGEKIGKKGMTYAQGMSAQMTAAVSIGLASYTGMPVSTTHVLSSSVAGTMVVDGGGLQRKTVTSILMAWVFTLPAAVLLSGGLYWLSLQFL
sp|P0AFR2|DAUA_ECOLI C4-dicarboxylic acid transporter DauA OS=Escherichia coli (strain K12) OX=83333 GN=dauA PE=1 SV=2,MNKIFSSHVMPFRALIDACWKEKYTAARFTRDLIAGITVGIIAIPLAMALAIGSGVAPQYGLYTAAVAGIVIALTGGSRFSVSGPTAAFVVILYPVSQQFGLAGLLVATLLSGIFLILMGLARFGRLIEYIPVSVTLGFTSGIGITIGTMQIKDFLGLQMAHVPEHYLQKVGALFMALPTINVGDAAIGIVTLGILVFWPRLGIRLPGHLPALLAGCAVMGIVNLLGGHVATIGSQFHYVLADGSQGNGIPQLLPQLVLPWDLPNSEFTLTWDSIRTLLPAAFSMAMLGAIESLLCAVVLDGMTGTKHKANSELVGQGLGNIIAPFFGGITATAAIARSAANVRAGATSPISAVIHSILVILALLVLAPLLSWLPLSAMAALLLMVAWNMSEAHKVVDLLRHAPKDDIIVMLLCMSLTVLFDMVIAISVGIVLASLLFMRRIARMTRLAPVVVDVPDDVLVLRVIGPLFFAAAEGLFTDLESRLEGKRIVILKWDAVPVLDAGGLDAFQRFVKRLPEGCELRVCNVEFQPLRTMARAGIQPIPGRLAFFPNRRAAMADL
sp|P0AGE4|SSTT_ECOLI Serine/threonine transporter SstT OS=Escherichia coli (strain K12) OX=83333 GN=sstT PE=1 SV=1,MTTQRSPGLFRRLAHGSLVKQILVGLVLGILLAWISKPAAEAVGLLGTLFVGALKAVAPILVLMLVMASIANHQHGQKTNIRPILFLYLLGTFSAALAAVVFSFAFPSTLHLSSSAGDISPPSGIVEVMRGLVMSMVSNPIDALLKGNYIGILVWAIGLGFALRHGNETTKNLVNDMSNAVTFMVKLVIRFAPIGIFGLVSSTLATTGFSTLWGYAQLLVVLVGCMLLVALVVNPLLVWWKIRRNPFPLVLLCLRESGVYAFFTRSSAANIPVNMALCEKLNLDRDTYSVSIPLGATINMAGAAITITVLTLAAVNTLGIPVDLPTALLLSVVASLCACGASGVAGGSLLLIPLACNMFGISNDIAMQVVAVGFIIGVLQDSCETALNSSTDVLFTAAACQAEDDRLANSALRN
sp|P24177|ACRD_ECOLI Probable aminoglycoside efflux pump OS=Escherichia coli (strain K12) OX=83333 GN=acrD PE=3 SV=3,MANFFIDRPIFAWVLAILLCLTGTLAIFSLPVEQYPDLAPPNVRVTANYPGASAQTLENTVTQVIEQNMTGLDNLMYMSSQSSGTGQASVTLSFKAGTDPDEAVQQVQNQLQSAMRKLPQAVQNQGVTVRKTGDTNILTIAFVSTDGSMDKQDIADYVASNIQDPLSRVNGVGDIDAYGSQYSMRIWLDPAKLNSFQMTAKDVTDAIESQNAQIAVGQLGGTPSVDKQALNATINAQSLLQTPEQFRDITLRVNQDGSEVRLGDVATVEMGAEKYDYLSRFNGKPASGLGVKLASGANEMATAELVLNRLDELAQYFPHGLEYKVAYETTSFVKASIEDVVKTLLEAIALVFLVMYLFLQNFRATLIPTIAVPVVLMGTFSVLYAFGYSVNTLTMFAMVLAIGLLVDDAIVVVENVERIMSEEGLTPREATRKSMGQIQGALVGIAMVLSAVFVPMAFFGGTTGAIYRQFSITIVAAMVLSVLVAMILTPALCATLLKPLKKGEHHGQKGFFAWFNQMFNRNAERYEKGVAKILHRSLRWIVIYVLLLGGMVFLFLRLPTSFLPLEDRGMFTTSVQLPSGSTQQQTLKVVEQIEKYYFTHEKDNIMSVFATVGSGPGGNGQNVARMFIRLKDWSERDSKTGTSFAIIERATKAFNQIKEARVIASSPPAISGLGSSAGFDMELQDHAGAGHDALMAARNQLLALAAENPELTRVRHNGLDDSPQLQIDIDQRKAQALGVAIDDINDTLQTAWGSSYVNDFMDRGRVKKVYVQAAAPYRMLPDDINLWYVRNKDGGMVPFSAFATSRWETGSPRLERYNGYSAVEIVGEAAPGVSTGTAMDIMESLVKQLPNGFGLEWTAMSYQERLSGAQAPALYAISLLVVFLCLAALYESWSVPFSVMLVVPLGVIGALLATWMRGLENDVYFQVGLLTVIGLSAKNAILIVEFANEMNQKGHDLFEATLHACRQRLRPILMTSLAFIFGVLPMATSTGAGSGGQHAVGTGVMGGMISATILAIYFVPLFFVLVRRRFPLKPRPE
sp|P46136|YDDG_ECOLI Aromatic amino acid exporter YddG OS=Escherichia coli (strain K12) OX=83333 GN=yddG PE=1 SV=3,MTRQKATLIGLIAIVLWSTMVGLIRGVSEGLGPVGGAAAIYSLSGLLLIFTVGFPRIRQIPKGYLLAGSLLFVSYEICLALSLGYAATHHQAIEVGMVNYLWPSLTILFAILFNGQKTNWLIVPGLLLALVGVCWVLGGDNGLHYDEIINNITTSPLSYFLAFIGAFIWAAYCTVTNKYARGFNGITVFVLLTGASLWVYYFLTPQPEMIFSTPVMIKLISAAFTLGFAYAAWNVGILHGNVTIMAVGSYFTPVLSSALAAVLLSAPLSFSFWQGALMVCGGSLLCWLATRRG
sp|P69423|TATC_ECOLI Sec-independent protein translocase protein TatC OS=Escherichia coli (strain K12) OX=83333 GN=tatC PE=1 SV=2,MSVEDTQPLITHLIELRKRLLNCIIAVIVIFLCLVYFANDIYHLVSAPLIKQLPQGSTMIATDVASPFFTPIKLTFMVSLILSAPVILYQVWAFIAPALYKHERRLVVPLLVSSSLLFYIGMAFAYFVVFPLAFGFLANTAPEGVQVSTDIASYLSFVMALFMAFGVSFEVPVAIVLLCWMGITSPEDLRKKRPYVLVGAFVVGMLLTPPDVFSQTLLAIPMYCLFEIGVFFSRFYVGKGRNREEENDAEAESEKTEE
sp|P69786|PTGCB_ECOLI PTS system glucose-specific EIICB component OS=Escherichia coli (strain K12) OX=83333 GN=ptsG PE=1 SV=1,MFKNAFANLQKVGKSLMLPVSVLPIAGILLGVGSANFSWLPAVVSHVMAEAGGSVFANMPLIFAIGVALGFTNNDGVSALAAVVAYGIMVKTMAVVAPLVLHLPAEEIASKHLADTGVLGGIISGAIAAYMFNRFYRIKLPEYLGFFAGKRFVPIISGLAAIFTGVVLSFIWPPIGSAIQTFSQWAAYQNPVVAFGIYGFIERCLVPFGLHHIWNVPFQMQIGEYTNAAGQVFHGDIPRYMAGDPTAGKLSGGFLFKMYGLPAAAIAIWHSAKPENRAKVGGIMISAALTSFLTGITEPIEFSFMFVAPILYIIHAILAGLAFPICILLGMRDGTSFSHGLIDFIVLSGNSSKLWLFPIVGIGYAIVYYTIFRVLIKALDLKTPGREDATEDAKATGTSEMAPALVAAFGGKENITNLDACITRLRVSVADVSKVDQAGLKKLGAAGVVVAGSGVQAIFGTKSDNLKTEMDEYIRNH
sp|P69797|PTNAB_ECOLI PTS system mannose-specific EIIAB component OS=Escherichia coli (strain K12) OX=83333 GN=manX PE=1 SV=2,MTIAIVIGTHGWAAEQLLKTAEMLLGEQENVGWIDFVPGENAETLIEKYNAQLAKLDTTKGVLFLVDTWGGSPFNAASRIVVDKEHYEVIAGVNIPMLVETLMARDDDPSFDELVALAVETGREGVKALKAKPVEKAAPAPAAAAPKAAPTPAKPMGPNDYMVIGLARIDDRLIHGQVATRWTKETNVSRIIVVSDEVAADTVRKTLLTQVAPPGVTAHVVDVAKMIRVYNNPKYAGERVMLLFTNPTDVERLVEGGVKITSVNVGGMAFRQGKTQVNNAVSVDEKDIEAFKKLNARGIELEVRKVSTDPKLKMMDLISKIDK
sp|P76630|YGAZ_ECOLI Inner membrane protein YgaZ OS=Escherichia coli (strain K12) OX=83333 GN=ygaZ PE=1 SV=1,MESPTPQPAPGSATFMEGCKDSLPIVISYIPVAFAFGLNATRLGFSPLESVFFSCIIYAGASQFVITAMLAAGSSLWIAALTVMAMDVRHVLYGPSLRSRIIQRLQKSKTALWAFGLTDEVFAAATAKLVRNNRRWSENWMIGIAFSSWSSWVFGTVIGAFSGSGLLQGYPAVEAALGFMLPALFMSFLLASFQRKQSLCVTAALVGALAGVTLFSIPVAILAGIVCGCLTALIQAFWQGAPDEL
sp|A1A5B4|ANO9_HUMAN Anoctamin-9 OS=Homo sapiens OX=9606 GN=ANO9 PE=1 SV=3,MQGEESLRILVEPEGDSFPLMEISTCETEASEQWDYVLVAQRHTQRDPRQARQQQFLEELRRKGFHIKVIRDQKQVFFGIRADNSVFGLYRTLLLEPEGPAPHAELAAPTTIPVTTSLRIRIVNFVVMNNKTSAGETFEDLMKDGVFEARFPLHKGEGRLKKTWARWRHMFREQPVDEIRNYFGEKVALYFVWLGWYTYMLVPAALTGLLVFLSGFSLFEASQISKEICEAHDILMCPLGDHSRRYQRLSETCTFAKLTHLFDNDGTVVFAIFMALWATVFLEIWKRQRARVVLHWDLYVWDEEQEEMALQLINCPDYKLRPYQHSYLRSTVILVLTLLMICLMIGMAHVLVVYRVLASALFSSSAVPFLEEQVTTAVVVTGALVHYVTIIIMTKINRCVALKLCDFEMPRTFSERESRFTIRFFTLQFFTHFSSLIYIAFILGRINGHPGKSTRLAGLWKLEECHASGCMMDLFVQMAIIMGLKQTLSNCVEYLVPWVTHKCRSLRASESGHLPRDPELRDWRRNYLLNPVNTFSLFDEFMEMMIQYGFTTIFVAAFPLAPLLALFSNLVEIRLDAIKMVWLQRRLVPRKAKDIGTWLQVLETIGVLAVIANGMVIAFTSEFIPRVVYKYRYSPCLKEGNSTVDCLKGYVNHSLSVFHTKDFQDPDGIEGSENVTLCRYRDYRNPPDYNFSEQFWFLLAIRLAFVILFEHVALCIKLIAAWFVPDIPQSVKNKVLEVKYQRLREKMWHGRQRLGGVGAGSRPPMPAHPTPASIFSARSTDV
sp|O00341|EAA5_HUMAN Excitatory amino acid transporter 5 OS=Homo sapiens OX=9606 GN=SLC1A7 PE=2 SV=2,MVPHAILARGRDVCRRNGLLILSVLSVIVGCLLGFFLRTRRLSPQEISYFQFPGELLMRMLKMMILPLVVSSLMSGLASLDAKTSSRLGVLTVAYYLWTTFMAVIVGIFMVSIIHPGSAAQKETTEQSGKPIMSSADALLDLIRNMFPANLVEATFKQYRTKTTPVVKSPKVAPEEAPPRRILIYGVQEENGSHVQNFALDLTPPPEVVYKSEPGTSDGMNVLGIVFFSATMGIMLGRMGDSGAPLVSFCQCLNESVMKIVAVAVWYFPFGIVFLIAGKILEMDDPRAVGKKLGFYSVTVVCGLVLHGLFILPLLYFFITKKNPIVFIRGILQALLIALATSSSSATLPITFKCLLENNHIDRRIARFVLPVGATINMDGTALYEAVAAIFIAQVNNYELDFGQIITISITATAASIGAAGIPQAGLVTMVIVLTSVGLPTDDITLIIAVDWALDRFRTMINVLGDALAAGIMAHICRKDFARDTGTEKLLPCETKPVSLQEIVAAQQNGCVKSVAEASELTLGPTCPHHVPVQVEQDEELPAASLNHCTIQISELETNV
sp|O14804|TAAR5_HUMAN Trace amine-associated receptor 5 OS=Homo sapiens OX=9606 GN=TAAR5 PE=2 SV=2,MRAVFIQGAEEHPAAFCYQVNGSCPRTVHTLGIQLVIYLACAAGMLIIVLGNVFVAFAVSYFKALHTPTNFLLLSLALADMFLGLLVLPLSTIRSVESCWFFGDFLCRLHTYLDTLFCLTSIFHLCFISIDRHCAICDPLLYPSKFTVRVALRYILAGWGVPAAYTSLFLYTDVVETRLSQWLEEMPCVGSCQLLLNKFWGWLNFPLFFVPCLIMISLYVKIFVVATRQAQQITTLSKSLAGAAKHERKAAKTLGIAVGIYLLCWLPFTIDTMVDSLLHFITPPLVFDIFIWFAYFNSACNPIIYVFSYQWFRKALKLTLSQKVFSPQTRTVDLYQE
sp|O14979|HNRDL_HUMAN Heterogeneous nuclear ribonucleoprotein D-like OS=Homo sapiens OX=9606 GN=HNRNPDL PE=1 SV=3,MEVPPRLSHVPPPLFPSAPATLASRSLSHWRPRPPRQLAPLLPSLAPSSARQGARRAQRHVTAQQPSRLAGGAAIKGGRRRRPDLFRRHFKSSSIQRSAAAAAATRTARQHPPADSSVTMEDMNEYSNIEEFAEGSKINASKNQQDDGKMFIGGLSWDTSKKDLTEYLSRFGEVVDCTIKTDPVTGRSRGFGFVLFKDAASVDKVLELKEHKLDGKLIDPKRAKALKGKEPPKKVFVGGLSPDTSEEQIKEYFGAFGEIENIELPMDTKTNERRGFCFITYTDEEPVKKLLESRYHQIGSGKCEIKVAQPKEVYRQQQQQQKGGRGAAAGGRGGTRGRGRGQGQNWNQGFNNYYDQGYGNYNSAYGGDQNYSGYGGYDYTGYNYGNYGYGQGYADYSGQQSTYGKASRGGGNHQNNYQPY
sp|O15400|STX7_HUMAN Syntaxin-7 OS=Homo sapiens OX=9606 GN=STX7 PE=1 SV=4,MSYTPGVGGDPAQLAQRISSNIQKITQCSVEIQRTLNQLGTPQDSPELRQQLQQKQQYTNQLAKETDKYIKEFGSLPTTPSEQRQRKIQKDRLVAEFTTSLTNFQKVQRQAAEREKEFVARVRASSRVSGSFPEDSSKERNLVSWESQTQPQVQVQDEEITEDDLRLIHERESSIRQLEADIMDINEIFKDLGMMIHEQGDVIDSIEANVENAEVHVQQANQQLSRAADYQRKSRKTLCIIILILVIGVAIISLIIWGLNH
sp|O43663|PRC1_HUMAN Protein regulator of cytokinesis 1 OS=Homo sapiens OX=9606 GN=PRC1 PE=1 SV=2,MRRSEVLAEESIVCLQKALNHLREIWELIGIPEDQRLQRTEVVKKHIKELLDMMIAEEESLKERLIKSISVCQKELNTLCSELHVEPFQEEGETTILQLEKDLRTQVELMRKQKKERKQELKLLQEQDQELCEILCMPHYDIDSASVPSLEELNQFRQHVTTLRETKASRREEFVSIKRQIILCMEALDHTPDTSFERDVVCEDEDAFCLSLENIATLQKLLRQLEMQKSQNEAVCEGLRTQIRELWDRLQIPEEEREAVATIMSGSKAKVRKALQLEVDRLEELKMQNMKKVIEAIRVELVQYWDQCFYSQEQRQAFAPFCAEDYTESLLQLHDAEIVRLKNYYEVHKELFEGVQKWEETWRLFLEFERKASDPNRFTNRGGNLLKEEKQRAKLQKMLPKLEEELKARIELWEQEHSKAFMVNGQKFMEYVAEQWEMHRLEKERAKQERQLKNKKQTETEMLYGSAPRTPSKRRGLAPNTPGKARKLNTTTMSNATANSSIRPIFGGTVYHSPVSRLPPSGSKPVAASTCSGKKTPRTGRHGANKENLELNGSILSGGYPGSAPLQRNFSINSVASTYSEFAKDPSLSDSSTVGLQRELSKASKSDATSGILNSTNIQS
sp|O60669|MOT2_HUMAN Monocarboxylate transporter 2 OS=Homo sapiens OX=9606 GN=SLC16A7 PE=1 SV=2,MPPMPSAPPVHPPPDGGWGWIVVGAAFISIGFSYAFPKAVTVFFKEIQQIFHTTYSEIAWISSIMLAVMYAGGPVSSVLVNKYGSRPVVIAGGLLCCLGMVLASFSSSVVQLYLTMGFITGLGLAFNLQPALTIIGKYFYRKRPMANGLAMAGSPVFLSSLAPFNQYLFNTFGWKGSFLILGSLLLNACVAGSLMRPLGPNQTTSKSKNKTGKTEDDSSPKKIKTKKSTWEKVNKYLDFSLFKHRGFLIYLSGNVIMFLGFFAPIIFLAPYAKDQGIDEYSAAFLLSVMAFVDMFARPSVGLIANSKYIRPRIQYFFSFAIMFNGVCHLLCPLAQDYTSLVLYAVFFGLGFGSVSSVLFETLMDLVGAPRFSSAVGLVTIVECGPVLLGPPLAGKLVDLTGEYKYMYMSCGAIVVAASVWLLIGNAINYRLLAKERKEENARQKTRESEPLSKSKHSEDVNVKVSNAQSVTSERETNI
sp|O75387|LAT3_HUMAN Large neutral amino acids transporter small subunit 3 OS=Homo sapiens OX=9606 GN=SLC43A1 PE=1 SV=1,MAPTLQQAYRRRWWMACTAVLENLFFSAVLLGWGSLLIILKNEGFYSSTCPAESSTNTTQDEQRRWPGCDQQDEMLNLGFTIGSFVLSATTLPLGILMDRFGPRPVRLVGSACFTASCTLMALASRDVEALSPLIFLALSLNGFGGICLTFTSLTLPNMFGNLRSTLMALMIGSYASSAITFPGIKLIYDAGVAFVVIMFTWSGLACLIFLNCTLNWPIEAFPAPEEVNYTKKIKLSGLALDHKVTGDLFYTHVTTMGQRLSQKAPSLEDGSDAFMSPQDVRGTSENLPERSVPLRKSLCSPTFLWSLLTMGMTQLRIIFYMAAVNKMLEYLVTGGQEHETNEQQQKVAETVGFYSSVFGAMQLLCLLTCPLIGYIMDWRIKDCVDAPTQGTVLGDARDGVATKSIRPRYCKIQKLTNAISAFTLTNLLLVGFGITCLINNLHLQFVTFVLHTIVRGFFHSACGSLYAAVFPSNHFGTLTGLQSLISAVFALLQQPLFMAMVGPLKGEPFWVNLGLLLFSLLGFLLPSYLFYYRARLQQEYAANGMGPLKVLSGSEVTA
sp|O75821|EIF3G_HUMAN Eukaryotic translation initiation factor 3 subunit G OS=Homo sapiens OX=9606 GN=EIF3G PE=1 SV=2,MPTGDFDSKPSWADQVEEEGEDDKCVTSELLKGIPLATGDTSPEPELLPGAPLPPPKEVINGNIKTVTEYKIDEDGKKFKIVRTFRIETRKASKAVARRKNWKKFGNSEFDPPGPNVATTTVSDDVSMTFITSKEDLNCQEEEDPMNKLKGQKIVSCRICKGDHWTTRCPYKDTLGPMQKELAEQLGLSTGEKEKLPGELEPVQATQNKTGKYVPPSLRDGASRRGESMQPNRRADDNATIRVTNLSEDTRETDLQELFRPFGSISRIYLAKDKTTGQSKGFAFISFHRREDAARAIAGVSGFGYDHLILNVEWAKPSTN
sp|O94811|TPPP_HUMAN Tubulin polymerization-promoting protein OS=Homo sapiens OX=9606 GN=TPPP PE=1 SV=1,MADKAKPAKAANRTPPKSPGDPSKDRAAKRLSLESEGAGEGAAASPELSALEEAFRRFAVHGDARATGREMHGKNWSKLCKDCQVIDGRNVTVTDVDIVFSKIKGKSCRTITFEQFQEALEELAKKRFKDKSSEEAVREVHRLIEGKAPIISGVTKAISSPTVSRLTDTTKFTGSHKERFDPSGKGKGKAGRVDLVDESGYVSGYKHAGTYDQKVQGGK
sp|O95232|LC7L3_HUMAN Luc7-like protein 3 OS=Homo sapiens OX=9606 GN=LUC7L3 PE=1 SV=2,MISAAQLLDELMGRDRNLAPDEKRSNVRWDHESVCKYYLCGFCPAELFTNTRSDLGPCEKIHDENLRKQYEKSSRFMKVGYERDFLRYLQSLLAEVERRIRRGHARLALSQNQQSSGAAGPTGKNEEKIQVLTDKIDVLLQQIEELGSEGKVEEAQGMMKLVEQLKEERELLRSTTSTIESFAAQEKQMEVCEVCGAFLIVGDAQSRVDDHLMGKQHMGYAKIKATVEELKEKLRKRTEEPDRDERLKKEKQEREEREKEREREREERERKRRREEEEREKERARDRERRKRSRSRSRHSSRTSDRRCSRSRDHKRSRSRERRRSRSRDRRRSRSHDRSERKHRSRSRDRRRSKSRDRKSYKHRSKSRDREQDRKSKEKEKRGSDDKKSSVKSGSREKQSEDTNTESKESDTKNEVNGTSEDIKSEGDTQSN
sp|P04920|B3A2_HUMAN Anion exchange protein 2 OS=Homo sapiens OX=9606 GN=SLC4A2 PE=1 SV=4,MSSAPRRPAKGADSFCTPEPESLGPGTPGFPEQEEDELHRTLGVERFEEILQEAGSRGGEEPGRSYGEEDFEYHRQSSHHIHHPLSTHLPPDARRRKTPQGPGRKPRRRPGASPTGETPTIEEGEEDEDEASEAEGARALTQPSPVSTPSSVQFFLQEDDSADRKAERTSPSSPAPLPHQEATPRASKGAQAGTQVEEAEAEAVAVASGTAGGDDGGASGRPLPKAQPGHRSYNLQERRRIGSMTGAEQALLPRVPTDEIEAQTLATADLDLMKSHRFEDVPGVRRHLVRKNAKGSTQSGREGREPGPTPRARPRAPHKPHEVFVELNELLLDKNQEPQWRETARWIKFEEDVEEETERWGKPHVASLSFRSLLELRRTLAHGAVLLDLDQQTLPGVAHQVVEQMVISDQIKAEDRANVLRALLLKHSHPSDEKDFSFPRNISAGSLGSLLGHHHGQGAESDPHVTEPLMGGVPETRLEVERERELPPPAPPAGITRSKSKHELKLLEKIPENAEATVVLVGCVEFLSRPTMAFVRLREAVELDAVLEVPVPVRFLFLLLGPSSANMDYHEIGRSISTLMSDKQFHEAAYLADEREDLLTAINAFLDCSVVLPPSEVQGEELLRSVAHFQRQMLKKREEQGRLLPTGAGLEPKSAQDKALLQMVEAAGAAEDDPLRRTGRPFGGLIRDVRRRYPHYLSDFRDALDPQCLAAVIFIYFAALSPAITFGGLLGEKTQDLIGVSELIMSTALQGVVFCLLGAQPLLVIGFSGPLLVFEEAFFSFCSSNHLEYLVGRVWIGFWLVFLALLMVALEGSFLVRFVSRFTQEIFAFLISLIFIYETFYKLVKIFQEHPLHGCSASNSSEVDGGENMTWAGARPTLGPGNRSLAGQSGQGKPRGQPNTALLSLVLMAGTFFIAFFLRKFKNSRFFPGRIRRVIGDFGVPIAILIMVLVDYSIEDTYTQKLSVPSGFSVTAPEKRGWVINPLGEKSPFPVWMMVASLLPAILVFILIFMETQITTLIISKKERMLQKGSGFHLDLLLIVAMGGICALFGLPWLAAATVRSVTHANALTVMSKAVAPGDKPKIQEVKEQRVTGLLVALLVGLSIVIGDLLRQIPLAVLFGIFLYMGVTSLNGIQFYERLHLLLMPPKHHPDVTYVKKVRTLRMHLFTALQLLCLALLWAVMSTAASLAFPFILILTVPLRMVVLTRIFTDREMKCLDANEAEPVFDEREGVDEYNEMPMPV
sp|P12314|FCGR1_HUMAN High affinity immunoglobulin gamma Fc receptor I OS=Homo sapiens OX=9606 GN=FCGR1A PE=1 SV=2,MWFLTTLLLWVPVDGQVDTTKAVITLQPPWVSVFQEETVTLHCEVLHLPGSSSTQWFLNGTATQTSTPSYRITSASVNDSGEYRCQRGLSGRSDPIQLEIHRGWLLLQVSSRVFTEGEPLALRCHAWKDKLVYNVLYYRNGKAFKFFHWNSNLTILKTNISHNGTYHCSGMGKHRYTSAGISVTVKELFPAPVLNASVTSPLLEGNLVTLSCETKLLLQRPGLQLYFSFYMGSKTLRGRNTSSEYQILTARREDSGLYWCEAATEDGNVLKRSPELELQVLGLQLPTPVWFHVLFYLAVGIMFLVNTVLWVTIRKELKRKKKWDLEISLDSGHEKKVISSLQEDRHLEEELKCQEQKEEQLQEGVHRKEPQGAT
sp|P14866|HNRPL_HUMAN Heterogeneous nuclear ribonucleoprotein L OS=Homo sapiens OX=9606 GN=HNRNPL PE=1 SV=2,MSRRLLPRAEKRRRRLEQRQQPDEQRRRSGAMVKMAAAGGGGGGGRYYGGGSEGGRAPKRLKTDNAGDQHGGGGGGGGGAGAAGGGGGGENYDDPHKTPASPVVHIRGLIDGVVEADLVEALQEFGPISYVVVMPKKRQALVEFEDVLGACNAVNYAADNQIYIAGHPAFVNYSTSQKISRPGDSDDSRSVNSVLLFTILNPIYSITTDVLYTICNPCGPVQRIVIFRKNGVQAMVEFDSVQSAQRAKASLNGADIYSGCCTLKIEYAKPTRLNVFKNDQDTWDYTNPNLSGQGDPGSNPNKRQRQPPLLGDHPAEYGGPHGGYHSHYHDEGYGPPPPHYEGRRMGPPVGGHRRGPSRYGPQYGHPPPPPPPPEYGPHADSPVLMVYGLDQSKMNCDRVFNVFCLYGNVEKVKFMKSKPGAAMVEMADGYAVDRAITHLNNNFMFGQKLNVCVSKQPAIMPGQSYGLEDGSCSYKDFSESRNNRFSTPEQAAKNRIQHPSNVLHFFNAPLEVTEENFFEICDELGVKRPSSVKVFSGKSERSSSGLLEWESKSDALETLGFLNHYQMKNPNGPYPYTLKLCFSTAQHAS
sp|P31943|HNRH1_HUMAN Heterogeneous nuclear ribonucleoprotein H OS=Homo sapiens OX=9606 GN=HNRNPH1 PE=1 SV=4,MMLGTEGGEGFVVKVRGLPWSCSADEVQRFFSDCKIQNGAQGIRFIYTREGRPSGEAFVELESEDEVKLALKKDRETMGHRYVEVFKSNNVEMDWVLKHTGPNSPDTANDGFVRLRGLPFGCSKEEIVQFFSGLEIVPNGITLPVDFQGRSTGEAFVQFASQEIAEKALKKHKERIGHRYIEIFKSSRAEVRTHYDPPRKLMAMQRPGPYDRPGAGRGYNSIGRGAGFERMRRGAYGGGYGGYDDYNGYNDGYGFGSDRFGRDLNYCFSGMSDHRYGDGGSTFQSTTGHCVHMRGLPYRATENDIYNFFSPLNPVRVHIEIGPDGRVTGEADVEFATHEDAVAAMSKDKANMQHRYVELFLNSTAGASGGAYEHRYVELFLNSTAGASGGAYGSQMMGGMGLSNQSSYGGPASQQLSGGYGGGYGGQSSMSGYDQVLQENSSDFQSNIA
"sp|P47813|IF1AX_HUMAN Eukaryotic translation initiation factor 1A, X-chromosomal OS=Homo sapiens OX=9606 GN=EIF1AX PE=1 SV=2",MPKNKGKGGKNRRRGKNENESEKRELVFKEDGQEYAQVIKMLGNGRLEAMCFDGVKRLCHIRGKLRKKVWINTSDIILVGLRDYQDNKADVILKYNADEARSLKAYGELPEHAKINETDTFGPGDDDEIQFDDIGDDDEDIDDI
sp|P55017|S12A3_HUMAN Solute carrier family 12 member 3 OS=Homo sapiens OX=9606 GN=SLC12A3 PE=1 SV=3,MAELPTTETPGDATLCSGRFTISTLLSSDEPSPPAAYDSSHPSHLTHSSTFCMRTFGYNTIDVVPTYEHYANSTQPGEPRKVRPTLADLHSFLKQEGRHLHALAFDSRPSHEMTDGLVEGEAGTSSEKNPEEPVRFGWVKGVMIRCMLNIWGVILYLRLPWITAQAGIVLTWIIILLSVTVTSITGLSISAISTNGKVKSGGTYFLISRSLGPELGGSIGLIFAFANAVGVAMHTVGFAETVRDLLQEYGAPIVDPINDIRIIAVVSVTVLLAISLAGMEWESKAQVLFFLVIMVSFANYLVGTLIPPSEDKASKGFFSYRADIFVQNLVPDWRGPDGTFFGMFSIFFPSATGILAGANISGDLKDPAIAIPKGTLMAIFWTTISYLAISATIGSCVVRDASGVLNDTVTPGWGACEGLACSYGWNFTECTQQHSCHYGLINYYQTMSMVSGFAPLITAGIFGATLSSALACLVSAAKVFQCLCEDQLYPLIGFFGKGYGKNKEPVRGYLLAYAIAVAFIIIAELNTIAPIISNFFLCSYALINFSCFHASITNSPGWRPSFQYYNKWAALFGAIISVVIMFLLTWWAALIAIGVVLFLLLYVIYKKPEVNWGSSVQAGSYNLALSYSVGLNEVEDHIKNYRPQCLVLTGPPNFRPALVDFVGTFTRNLSLMICGHVLIGPHKQRMPELQLIANGHTKWLNKRKIKAFYSDVIAEDLRRGVQILMQAAGLGRMKPNILVVGFKKNWQSAHPATVEDYIGILHDAFDFNYGVCVMRMREGLNVSKMMQAHINPVFDPAEDGKEASARVDPKALVKEEQATTIFQSEQGKKTIDIYWLFDDGGLTLLIPYLLGRKRRWSKCKIRVFVGGQINRMDQERKAIISLLSKFRLGFHEVHILPDINQNPRAEHTKRFEDMIAPFRLNDGFKDEATVNEMRRDCPWKISDEEITKNRVKSLRQVRLNEIVLDYSRDAALIVITLPIGRKGKCPSSLYMAWLETLSQDLRPPVILIRGNQENVLTFYCQ
sp|P62995|TRA2B_HUMAN Transformer-2 protein homolog beta OS=Homo sapiens OX=9606 GN=TRA2B PE=1 SV=1,MSDSGEQNYGERESRSASRSGSAHGSGKSARHTPARSRSKEDSRRSRSKSRSRSESRSRSRRSSRRHYTRSRSRSRSHRRSRSRSYSRDYRRRHSHSHSPMSTRRRHVGNRANPDPNCCLGVFGLSLYTTERDLREVFSKYGPIADVSIVYDQQSRRSRGFAFVYFENVDDAKEAKERANGMELDGRRIRVDFSITKRPHTPTPGIYMGRPTYGSSRRRDYYDRGYDRGYDDRDYYSRSYRGGGGGGGGWRAAQDRDQIYRRRSPSPYYSRGGYRSRSRSRSYSPRRY
sp|Q04323|UBXN1_HUMAN UBX domain-containing protein 1 OS=Homo sapiens OX=9606 GN=UBXN1 PE=1 SV=2,MAELTALESLIEMGFPRGRAEKALALTGNQGIEAAMDWLMEHEDDPDVDEPLETPLGHILGREPTSSEQGGLEGSGSAAGEGKPALSEEERQEQTKRMLELVAQKQREREEREEREALERERQRRRQGQELSAARQRLQEDEMRRAAEERRREKAEELAARQRVREKIERDKAERAKKYGGSVGSQPPPVAPEPGPVPSSPSQEPPTKREYDQCRIQVRLPDGTSLTQTFRAREQLAAVRLYVELHRGEELGGGQDPVQLLSGFPRRAFSEADMERPLQELGLVPSAVLIVAKKCPS
sp|Q0JRZ9|FCHO2_HUMAN F-BAR domain only protein 2 OS=Homo sapiens OX=9606 GN=FCHO2 PE=1 SV=2,MVMAYFVENFWGEKNSGFDVLYHNMKHGQISTKELADFVRERATIEEAYSRSMTKLAKSASNYSQLGTFAPVWDVFKTSTEKLANCHLDLVRKLQELIKEVQKYGEEQVKSHKKTKEEVAGTLEAVQTIQSITQALQKSKENYNAKCVEQERLKKEGATQREIEKAAVKSKKATDTYKLYVEKYALAKADFEQKMTETAQKFQDIEETHLIHIKEIIGSLSNAIKEIHLQIGQVHEEFINNMANTTVESLIQKFAESKGTGKERPGLIEFEECDTASAVEGIKPRKRKTFALPGIIKKEKDAESVECPDADSLNIPDVDEEGYSIKPETNQNDTKENHFYSSSDSDSEDEEPKKYRIEIKPMHPNNSHHTMASLDELKVSIGNITLSPAISRHSPVQMNRNLSNEELTKSKPSAPPNEKGTSDLLAWDPLFGPSLDSSSSSSLTSSSSARPTTPLSVGTIVPPPRPASRPKLTSGKLSGINEIPRPFSPPVTSNTSPPPAAPLARAESSSSISSSASLSAANTPTVGVSRGPSPVSLGNQDTLPVAVALTESVNAYFKGADPTKCIVKITGDMTMSFPSGIIKVFTSNPTPAVLCFRVKNISRLEQILPNAQLVFSDPSQCDSNTKDFWMNMQAVTVYLKKLSEQNPAASYYNVDVLKYQVSSNGIQSTPLNLATYWKCSASTTDLRVDYKYNPEAMVAPSVLSNIQVVVPVDGGVTNMQSLPPAIWNAEQMKAFWKLSSISEKSENGGSGSLRAKFDLSEGPSKPTTLAVQFLSEGSTLSGVDFELVGTGYRLSLIKKRFATGRYLADC
sp|Q12934|BFSP1_HUMAN Filensin OS=Homo sapiens OX=9606 GN=BFSP1 PE=1 SV=3,MYRRSYVFQTRKEQYEHADEASRAAEPERPADEGWAGATSLAALQGLGERVAAHVQRARALEQRHAGLRRQLDAFQRLGELAGPEDALARQVESNRQRVRDLEAERARLERQGTEAQRALDEFRSKYENECECQLLLKEMLERLNKEADEALLHNLRLQLEAQFLQDDISAAKDRHKKNLLEVQTYISILQQIIHTTPPASIVTSGMREEKLLTEREVAALRSQLEEGREVLSHLQAQRVELQAQTTTLEQAIKSAHECYDDEIQLYNEQIETLRKEIEETERVLEKSSYDCRQLAVAQQTLKNELDRYHRIIEIEGNRLTSAFIETPIPLFTQSHGVSLSTGSGGKDLTRALQDITAAKPRQKALPKNVPRRKEIITKDKTNGALEDAPLKGLEDTKLVQVVLKEESESKFESESKEVSPLTQEGAPEDVPDGGQISKGFGKLYRKVKEKVRSPKEPETPTELYTKERHVLVTGDANYVDPRFYVSSITAKGGVAVSVAEDSVLYDGQVEPSPESPKPPLENGQVGLQEKEDGQPIDQQPIDKEIEPDGAELEGPEEKREGEERDEESRRPCAMVTPGAEEPSIPEPPKPAADQDGAEVLGTRSRSLPEKGPPKALAYKTVEVVESIEKISTESIQTYEETAVIVETMIGKTKSDKKKSGEKSS
sp|Q13190|STX5_HUMAN Syntaxin-5 OS=Homo sapiens OX=9606 GN=STX5 PE=1 SV=2,MIPRKRYGSKNTDQGVYLGLSKTQVLSPATAGSSSSDIAPLPPPVTLVPPPPDTMSCRDRTQEFLSACKSLQTRQNGIQTNKPALRAVRQRSEFTLMAKRIGKDLSNTFAKLEKLTILAKRKSLFDDKAVEIEELTYIIKQDINSLNKQIAQLQDFVRAKGSQSGRHLQTHSNTIVVSLQSKLASMSNDFKSVLEVRTENLKQQRSRREQFSRAPVSALPLAPNHLGGGAVVLGAESHASKDVAIDMMDSRTSQQLQLIDEQDSYIQSRADTMQNIESTIVELGSIFQQLAHMVKEQEETIQRIDENVLGAQLDVEAAHSEILKYFQSVTSNRWLMVKIFLILIVFFIIFVVFLA
sp|Q13257|MD2L1_HUMAN Mitotic spindle assembly checkpoint protein MAD2A OS=Homo sapiens OX=9606 GN=MAD2L1 PE=1 SV=1,MALQLSREQGITLRGSAEIVAEFFSFGINSILYQRGIYPSETFTRVQKYGLTLLVTTDLELIKYLNNVVEQLKDWLYKCSVQKLVVVISNIESGEVLERWQFDIECDKTAKDDSAPREKSQKAIQDEIRSVIRQITATVTFLPLLEVSCSFDLLIYTDKDLVVPEKWEESGPQFITNSEEVRLRSFTTTIHKVNSMVAYKIPVND
sp|Q13325|IFIT5_HUMAN Interferon-induced protein with tetratricopeptide repeats 5 OS=Homo sapiens OX=9606 GN=IFIT5 PE=1 SV=1,MSEIRKDTLKAILLELECHFTWNLLKEDIDLFEVEDTIGQQLEFLTTKSRLALYNLLAYVKHLKGQNKDALECLEQAEEIIQQEHSDKEEVRSLVTWGNYAWVYYHMDQLEEAQKYTGKIGNVCKKLSSPSNYKLECPETDCEKGWALLKFGGKYYQKAKAAFEKALEVEPDNPEFNIGYAITVYRLDDSDREGSVKSFSLGPLRKAVTLNPDNSYIKVFLALKLQDVHAEAEGEKYIEEILDQISSQPYVLRYAAKFYRRKNSWNKALELLKKALEVTPTSSFLHHQMGLCYRAQMIQIKKATHNRPKGKDKLKVDELISSAIFHFKAAMERDSMFAFAYTDLANMYAEGGQYSNAEDIFRKALRLENITDDHKHQIHYHYGRFQEFHRKSENTAIHHYLEALKVKDRSPLRTKLTSALKKLSTKRLCHNALDVQSLSALGFVYKLEGEKRQAAEYYEKAQKIDPENAEFLTALCELRLSI
sp|Q13336|UT1_HUMAN Urea transporter 1 OS=Homo sapiens OX=9606 GN=SLC14A1 PE=1 SV=2,MEDSPTMVRVDSPTMVRGENQVSPCQGRRCFPKALGYVTGDMKELANQLKDKPVVLQFIDWILRGISQVVFVNNPVSGILILVGLLVQNPWWALTGWLGTVVSTLMALLLSQDRSLIASGLYGYNATLVGVLMAVFSDKGDYFWWLLLPVCAMSMTCPIFSSALNSMLSKWDLPVFTLPFNMALSMYLSATGHYNPFFPAKLVIPITTAPNISWSDLSALELLKSIPVGVGQIYGCDNPWTGGIFLGAILLSSPLMCLHAAIGSLLGIAAGLSLSAPFEDIYFGLWGFNSSLACIAMGGMFMALTWQTHLLALGCALFTAYLGVGMANFMAEVGLPACTWPFCLATLLFLIMTTKNSNIYKMPLSKVTYPEENRIFYLQAKKRMVESPL
sp|Q13651|I10R1_HUMAN Interleukin-10 receptor subunit alpha OS=Homo sapiens OX=9606 GN=IL10RA PE=1 SV=2,MLPCLVVLLAALLSLRLGSDAHGTELPSPPSVWFEAEFFHHILHWTPIPNQSESTCYEVALLRYGIESWNSISNCSQTLSYDLTAVTLDLYHSNGYRARVRAVDGSRHSNWTVTNTRFSVDEVTLTVGSVNLEIHNGFILGKIQLPRPKMAPANDTYESIFSHFREYEIAIRKVPGNFTFTHKKVKHENFSLLTSGEVGEFCVQVKPSVASRSNKGMWSKEECISLTRQYFTVTNVIIFFAFVLLLSGALAYCLALQLYVRRRKKLPSVLLFKKPSPFIFISQRPSPETQDTIHPLDEEAFLKVSPELKNLDLHGSTDSGFGSTKPSLQTEEPQFLLPDPHPQADRTLGNREPPVLGDSCSSGSSNSTDSGICLQEPSLSPSTGPTWEQQVGSNSRGQDDSGIDLVQNSEGRAGDTQGGSALGHHSPPEPEVPGEEDPAAVAFQGYLRQTRCAEEKATKTGCLEEESPLTDGLGPKFGRCLVDEAGLHPPALAKGYLKQDPLEMTLASSGAPTGQWNQPTEEWSLLALSSCSDLGISDWSFAHDLAPLGCVAAPGGLLGSFNSDLVTLPLISSLQSSE
sp|Q15386|UBE3C_HUMAN Ubiquitin-protein ligase E3C OS=Homo sapiens OX=9606 GN=UBE3C PE=1 SV=3,MFSFEGDFKTRPKVSLGGASRKEEKASLLHRTQEERRKREEERRRLKNAIIIQSFIRGYRDRKQQYSIQRSAFDRCATLSQSGGAFPIANGPNLTLLVRQLLFFYKQNEDSKRLIWLYQNLIKHSSLFVKQLDGSERLTCLFQIKRLMSLCCRLLQNCNDDSLNVALPMRMLEVFSSENTYLPVLQDASYVVSVIEQILHYMIHNGYYRSLYLLINSKLPSSIEYSDLSRVPIAKILLENVLKPLHFTYNSCPEGARQQVFTAFTEEFLAAPFTDQIFHFIIPALADAQTVFPYEPFLNALLLIESRCSRKSGGAPWLFYFVLTVGENYLGALSEEGLLVYLRVLQTFLSQLPVSPASASCHDSASDSEEESEEADKPSSPEDGRLSVSYITEECLKKLDTKQQTNTLLNLVWRDSASEEVFTTMASVCHTLMVQHRMMVPKVRLLYSLAFNARFLRHLWFLISSMSTRMITGSMVPLLQVISRGSPMSFEDSSRIIPLFYLFSSLFSHSLISIHDNEFFGDPIEVVGQRQSSMMPFTLEELIMLSRCLRDACLGIIKLAYPETKPEVREEYITAFQSIGVTTSSEMQQCIQMEQKRWIQLFKVITNLVKMLKSRDTRRNFCPPNHWLSEQEDIKADKVTQLYVPASRHVWRFRRMGRIGPLQSTLDVGLESPPLSVSEERQLAVLTELPFVVPFEERVKIFQRLIYADKQEVQGDGPFLDGINVTIRRNYIYEDAYDKLSPENEPDLKKRIRVHLLNAHGLDEAGIDGGGIFREFLNELLKSGFNPNQGFFKTTNEGLLYPNPAAQMLVGDSFARHYYFLGRMLGKALYENMLVELPFAGFFLSKLLGTSADVDIHHLASLDPEVYKNLLFLKSYEDDVEELGLNFTVVNNDLGEAQVVELKFGGKDIPVTSANRIAYIHLVADYRLNRQIRQHCLAFRQGLANVVSLEWLRMFDQQEIQVLISGAQVPISLEDLKSFTNYSGGYSADHPVIKVFWRVVEGFTDEEKRKLLKFVTSCSRPPLLGFKELYPAFCIHNGGSDLERLPTASTCMNLLKLPEFYDETLLRSKLLYAIECAAGFELS
sp|Q15560|TCEA2_HUMAN Transcription elongation factor A protein 2 OS=Homo sapiens OX=9606 GN=TCEA2 PE=1 SV=1,MMGKEEEIARIARRLDKMVTKKSAEGAMDLLRELKAMPITLHLLQSTRVGMSVNALRKQSSDEEVIALAKSLIKSWKKLLDASDAKARERGRGMPLPTSSRDASEAPDPSRKRPELPRAPSTPRITTFPPVPVTCDAVRNKCREMLTAALQTDHDHVAIGADCERLSAQIEECIFRDVGNTDMKYKNRVRSRISNLKDAKNPDLRRNVLCGAITPQQIAVMTSEEMASDELKEIRKAMTKEAIREHQMARTGGTQTDLFTCGKCRKKNCTYTQVQTRSSDEPMTTFVVCNECGNRWKFC
sp|Q495M3|S36A2_HUMAN Proton-coupled amino acid transporter 2 OS=Homo sapiens OX=9606 GN=SLC36A2 PE=1 SV=1,MSVTKSTEGPQGAVAIKLDLMSPPESAKKLENKDSTFLDESPSESAGLKKTKGITVFQALIHLVKGNMGTGILGLPLAVKNAGILMGPLSLLVMGFIACHCMHILVKCAQRFCKRLNKPFMDYGDTVMHGLEANPNAWLQNHAHWGRHIVSFFLIITQLGFCCVYIVFLADNLKQVVEAVNSTTNNCYSNETVILTPTMDSRLYMLSFLPFLVLLVLIRNLRILTIFSMLANISMLVSLVIIIQYITQEIPDPSRLPLVASWKTYPLFFGTAIFSFESIGVVLPLENKMKNARHFPAILSLGMSIVTSLYIGMAALGYLRFGDDIKASISLNLPNCWLYQSVKLLYIAGILCTYALQFYVPAEIIIPFAISRVSTRWALPLDLSIRLVMVCLTCLLAILIPRLDLVISLVGSVSGTALALIIPPLLEVTTFYSEGMSPLTIFKDALISILGFVGFVVGTYQALDELLKSEDSHPFSNSTTFVR
sp|Q5VZL5|ZMYM4_HUMAN Zinc finger MYM-type protein 4 OS=Homo sapiens OX=9606 GN=ZMYM4 PE=1 SV=1,MAEREVESGPRKRFEQKSGAVFDEIVENCGGIMDTEMSEDIDHNLTPTLDSMSYGMPNQTGSENSLLDEDDYFLNSGDLAGIPVVGSDNEDEQDFSSKDNLVSSIHTDDSLEVERRVTQHESDNENEIQIQNKLKKDFPKQFDQVSVFKSIRKDFSLVRENSKETFSGKEKNRDLTYEREKRLDKPHKDLDSRLKSSFFDKAANQVEETLHTHLPQTPETNFRDSSYPFANKESIGSELGNSFASNIRIKEEPLDDEYDKAMAPQQGLLDKIKDEPDNAQEYSHGQQQKTQEGELKISAVFSVSGSPLAPQLTTGFQPSLASSGMNKMLPSVPATAVRVSCSGCKKILQKGQTAYQRKGSTQLFCSTLCLTGYTVPPARPPPPLTKKTCSSCSKDILNPKDVISAQFENTTTSKDFCSQSCLSTYELKKKPIVTINTNSISTKCSMCQKNAVIRHEVNYQNVVHKLCSDACFSKFRSANNLTMNCCENCGGYCYSGSGQCHMLQIEGQSKKFCSSSCITAYKQKSAKITPCALCKSLRSSAEMIENTNSLGKTELFCSVNCLSAYRVKMVTSAGVQVQCNSCKTSAIPQYHLAMSDGSIRNFCSYSCVVAFQNLFNKPTGMNSSVVPLSQGQVIVSIPTGSTVSAGGGSTSAVSPTSISSSAAAGLQRLAAQSQHVGFARSVVKLKCQHCNRLFATKPELLDYKGKMFQFCGKNCSDEYKKINNVMAMCEYCKIEKIVKETVRFSGADKSFCSEGCKLLYKHDLAKRWGNHCKMCSYCLQTSPKLVQNNLGGKVEEFCCEECMSKYTVLFYQMAKCDACKRQGKLSESLKWRGEMKHFCNLLCILMFCNQQSVCDPPSQNNAANISMVQAASAGPPSLRKDSTPVIANVVSLASAPAAQPTVNSNSVLQGAVPTVTAKIIGDASTQTDALKLPPSQPPRLLKNKALLCKPITQTKATSCKPHTQNKECQTEDTPSQPQIIVVPVPVPVFVPIPLHLYTQYAPVPFGIPVPMPVPMLIPSSMDSEDKVTESIEDIKEKLPTHPFEADLLEMAEMIAEDEEKKTLSQGESQTSEHELFLDTKIFEKDQGSTYSGDLESEAVSTPHSWEEELNHYALKSNAVQEADSELKQFSKGETEQDLEADFPSDSFDPLNKGQGIQARSRTRRRHRDGFPQPRRRGRKKSIVAVEPRSLIQGAFQGCSVSGMTLKYMYGVNAWKNWVQWKNAKEEQGDLKCGGVEQASSSPRSDPLGSTQDHALSQESSEPGCRVRSIKLKEDILSCTFAELSLGLCQFIQEVRRPNGEKYDPDSILYLCLGIQQYLFENGRIDNIFTEPYSRFMIELTKLLKIWEPTILPNGYMFSRIEEEHLWECKQLGAYSPIVLLNTLLFFNTKYFQLKNVTEHLKLSFAHVMRRTRTLKYSTKMTYLRFFPPLQKQESEPDKLTVGKRKRNEDDEVPVGVEMAENTDNPLRCPVRLYEFYLSKCSESVKQRNDVFYLQPERSCVPNSPMWYSTFPIDPGTLDTMLTRILMVREVHEELAKAKSEDSDVELSD
sp|Q86WV1|SKAP1_HUMAN Src kinase-associated phosphoprotein 1 OS=Homo sapiens OX=9606 GN=SKAP1 PE=1 SV=3,MQAAALPEEIRWLLEDAEEFLAEGLRNENLSAVARDHRDHILRGFQQIKARYYWDFQPQGGDIGQDSSDDNHSGTLGLSLTSDAPFLSDYQDEGMEDIVKGAQELDNVIKQGYLEKKSKDHSFFGSEWQKRWCVVSRGLFYYYANEKSKQPKGTFLIKGYGVRMAPHLRRDSKKESCFELTSQDRRSYEFTATSPAEARDWVDQISFLLKDLSSLTIPYEEDEEEEEKEETYDDIDGFDSPSCGSQCRPTILPGSVGIKEPTEEKEEEDIYEVLPDEEHDLEEDESGTRRKGVDYASYYQGLWDCHGDQPDELSFQRGDLIRILSKEYNMYGWWVGELNSLVGIVPKEYLTTAFEVEER
sp|Q8N697|S15A4_HUMAN Solute carrier family 15 member 4 OS=Homo sapiens OX=9606 GN=SLC15A4 PE=1 SV=1,MEGSGGGAGERAPLLGARRAAAAAAAAGAFAGRRAACGAVLLTELLERAAFYGITSNLVLFLNGAPFCWEGAQASEALLLFMGLTYLGSPFGGWLADARLGRARAILLSLALYLLGMLAFPLLAAPATRAALCGSARLLNCTAPGPDAAARCCSPATFAGLVLVGLGVATVKANITPFGADQVKDRGPEATRRFFNWFYWSINLGAILSLGGIAYIQQNVSFVTGYAIPTVCVGLAFVVFLCGQSVFITKPPDGSAFTDMFKILTYSCCSQKRSGERQSNGEGIGVFQQSSKQSLFDSCKMSHGGPFTEEKVEDVKALVKIVPVFLALIPYWTVYFQMQTTYVLQSLHLRIPEISNITTTPHTLPAAWLTMFDAVLILLLIPLKDKLVDPILRRHGLLPSSLKRIAVGMFFVMCSAFAAGILESKRLNLVKEKTINQTIGNVVYHAADLSLWWQVPQYLLIGISEIFASIAGLEFAYSAAPKSMQSAIMGLFFFFSGVGSFVGSGLLALVSIKAIGWMSSHTDFGNINGCYLNYYFFLLAAIQGATLLLFLIISVKYDHHRDHQRSRANGVPTSRRA
"sp|Q8NCR0|B3GL2_HUMAN UDP-GalNAc:beta-1,3-N-acetylgalactosaminyltransferase 2 OS=Homo sapiens OX=9606 GN=B3GALNT2 PE=1 SV=1",MRNWLVLLCPCVLGAALHLWLRLRSPPPACASGAGPADQLALFPQWKSTHYDVVVGVLSARNNHELRNVIRSTWMRHLLQHPTLSQRVLVKFIIGAHGCEVPVEDREDPYSCKLLNITNPVLNQEIEAFSLSEDTSSGLPEDRVVSVSFRVLYPIVITSLGVFYDANDVGFQRNITVKLYQAEQEEALFIARFSPPSCGVQVNKLWYKPVEQFILPESFEGTIVWESQDLHGLVSRNLHKVTVNDGGGVLRVITAGEGALPHEFLEGVEGVAGGFIYTIQEGDALLHNLHSRPQRLIDHIRNLHEEDALLKEESSIYDDIVFVDVVDTYRNVPAKLLNFYRWTVETTSFNLLLKTDDDCYIDLEAVFNRIVQKNLDGPNFWWGNFRLNWAVDRTGKWQELEYPSPAYPAFACGSGYVISKDIVKWLASNSGRLKTYQGEDVSMGIWMAAIGPKRYQDSLWLCEKTCETGMLSSPQYSPWELTELWKLKERCGDPCRCQAR
sp|Q8NDV3|SMC1B_HUMAN Structural maintenance of chromosomes protein 1B OS=Homo sapiens OX=9606 GN=SMC1B PE=2 SV=2,MAHLELLLVENFKSWRGRQVIGPFRRFTCIIGPNGSGKSNVMDALSFVMGEKIANLRVKNIQELIHGAHIGKPISSSASVKIIYVEESGEEKTFARIIRGGCSEFRFNDNLVSRSVYIAELEKIGIIVKAQNCLVFQGTVESISVKKPKERTQFFEEISTSGELIGEYEEKKRKLQKAEEDAQFNFNKKKNIAAERRQAKLEKEEAERYQSLLEELKMNKIQLQLFQLYHNEKKIHLLNTKLEHVNRDLSVKRESLSHHENIVKARKKEHGMLTRQLQQTEKELKSVETLLNQKRPQYIKAKENTSHHLKKLDVAKKSIKDSEKQCSKQEDDIKALETELADLDAAWRSFEKQIEEEILHKKRDIELEASQLDRYKELKEQVRKKVATMTQQLEKLQWEQKTDEERLAFEKRRHGEVQGNLKQIKEQIEDHKKRIEKLEEYTKTCMDCLKEKKQQEETLVDEIEKTKSRMSEFNEELNLIRSELQNAGIDTHEGKRQQKRAEVLEHLKRLYPDSVFGRLFDLCHPIHKKYQLAVTKVFGRFITAIVVASEKVAKDCIRFLKEERAEPETFLALDYLDIKPINERLRELKGCKMVIDVIKTQFPQLKKVIQFVCGNGLVCETMEEARHIALSGPERQKTVALDGTLFLKSGVISGGSSDLKYKARCWDEKELKNLRDRRSQKIQELKGLMKTLRKETDLKQIQTLIQGTQTRLKYSQNELEMIKKKHLVAFYQEQSQLQSELLNIESQCIMLSEGIKERQRRIKEFQEKIDKVEDDIFQHFCEEIGVENIREFENKHVKRQQEIDQKRYFYKKMLTRLNVQLEYSRSHLKKKLNKINTLKETIQKGSEDIDHLKKAEENCLQTVNELMAKQQQLKDIRVTQNSSAEKVQTQIEEERKKFLAVDREVGKLQKEVVSIQTSLEQKRLEKHNLLLDCKVQDIEIILLSGSLDDIIEVEMGTEAESTQATIDIYEKEEAFEIDYSSLKEDLKALQSDQEIEAHLRLLLQQVASQEDILLKTAAPNLRALENLKTVRDKFQESTDAFEASRKEARLCRQEFEQVKKRRYDLFTQCFEHVSISIDQIYKKLCRNNSAQAFLSPENPEEPYLEGISYNCVAPGKRFMPMDNLSGGEKCVAALALLFAVHSFRPAPFFVLDEVDAALDNTNIGKVSSYIKEQTQDQFQMIVISLKEEFYSRADALIGIYPEYDDCMFSRVLTLDLSQYPDTEGQESSKRHGESR
sp|Q8WWY3|PRP31_HUMAN U4/U6 small nuclear ribonucleoprotein Prp31 OS=Homo sapiens OX=9606 GN=PRPF31 PE=1 SV=2,MSLADELLADLEEAAEEEEGGSYGEEEEEPAIEDVQEETQLDLSGDSVKTIAKLWDSKMFAEIMMKIEEYISKQAKASEVMGPVEAAPEYRVIVDANNLTVEIENELNIIHKFIRDKYSKRFPELESLVPNALDYIRTVKELGNSLDKCKNNENLQQILTNATIMVVSVTASTTQGQQLSEEELERLEEACDMALELNASKHRIYEYVESRMSFIAPNLSIIIGASTAAKIMGVAGGLTNLSKMPACNIMLLGAQRKTLSGFSSTSVLPHTGYIYHSDIVQSLPPDLRRKAARLVAAKCTLAARVDSFHESTEGKVGYELKDEIERKFDKWQEPPPVKQVKPLPAPLDGQRKKRGGRRYRKMKERLGLTEIRKQANRMSFGEIEEDAYQEDLGFSLGHLGKSGSGRVRQTQVNEATKARISKTLQRTLQKQSVVYGGKSTIRDRSSGTASSVAFTPLQGLEIVNPQAAEKKVAEANQKYFSSMAEFLKVKGEKSGLMST
sp|Q969I6|S38A4_HUMAN Sodium-coupled neutral amino acid transporter 4 OS=Homo sapiens OX=9606 GN=SLC38A4 PE=1 SV=1,MDPMELRNVNIEPDDESSSGESAPDSYIGIGNSEKAAMSSQFANEDTESQKFLTNGFLGKKKLADYADEHHPGTTSFGMSSFNLSNAIMGSGILGLSYAMANTGIILFIIMLLAVAILSLYSVHLLLKTAKEGGSLIYEKLGEKAFGWPGKIGAFVSITMQNIGAMSSYLFIIKYELPEVIRAFMGLEENTGEWYLNGNYLIIFVSVGIILPLSLLKNLGYLGYTSGFSLTCMVFFVSVVIYKKFQIPCPLPVLDHSVGNLSFNNTLPMHVVMLPNNSESSDVNFMMDYTHRNPAGLDENQAKGSLHDSGVEYEAHSDDKCEPKYFVFNSRTAYAIPILVFAFVCHPEVLPIYSELKDRSRRKMQTVSNISITGMLVMYLLAALFGYLTFYGEVEDELLHAYSKVYTLDIPLLMVRLAVLVAVTLTVPIVLFPIRTSVITLLFPKRPFSWIRHFLIAAVLIALNNVLVILVPTIKYIFGFIGASSATMLIFILPAVFYLKLVKKETFRSPQKVGALIFLVVGIFFMIGSMALIIIDWIYDPPNSKHH
sp|Q9C0H2|TTYH3_HUMAN Protein tweety homolog 3 OS=Homo sapiens OX=9606 GN=TTYH3 PE=1 SV=3,MAGVSYAAPWWVSLLHRLPHFDLSWEATSSQFRPEDTDYQQALLLLGAAALACLALDLLFLLFYSFWLCCRRRKSEEHLDADCCCTAWCVIIATLVCSAGIAVGFYGNGETSDGIHRATYSLRHANRTVAGVQDRVWDTAVGLNHTAEPSLQTLERQLAGRPEPLRAVQRLQGLLETLLGYTAAIPFWRNTAVSLEVLAEQVDLYDWYRWLGYLGLLLLDVIICLLVLVGLIRSSKGILVGVCLLGVLALVISWGALGLELAVSVGSSDFCVDPDAYVTKMVEEYSVLSGDILQYYLACSPRAANPFQQKLSGSHKALVEMQDVVAELLRTVPWEQPATKDPLLRVQEVLNGTEVNLQHLTALVDCRSLHLDYVQALTGFCYDGVEGLIYLALFSFVTALMFSSIVCSVPHTWQQKRGPDEDGEEEAAPGPRQAHDSLYRVHMPSLYSCGSSYGSETSIPAAAHTVSNAPVTEYMSQNANFQNPRCENTPLIGRESPPPSYTSSMRAKYLATSQPRPDSSGSH
sp|Q9GZU1|MCLN1_HUMAN Mucolipin-1 OS=Homo sapiens OX=9606 GN=MCOLN1 PE=1 SV=1,MTAPAGPRGSETERLLTPNPGYGTQAGPSPAPPTPPEEEDLRRRLKYFFMSPCDKFRAKGRKPCKLMLQVVKILVVTVQLILFGLSNQLAVTFREENTIAFRHLFLLGYSDGADDTFAAYTREQLYQAIFHAVDQYLALPDVSLGRYAYVRGGGDPWTNGSGLALCQRYYHRGHVDPANDTFDIDPMVVTDCIQVDPPERPPPPPSDDLTLLESSSSYKNLTLKFHKLVNVTIHFRLKTINLQSLINNEIPDCYTFSVLITFDNKAHSGRIPISLETQAHIQECKHPSVFQHGDNSFRLLFDVVVILTCSLSFLLCARSLLRGFLLQNEFVGFMWRQRGRVISLWERLEFVNGWYILLVTSDVLTISGTIMKIGIEAKNLASYDVCSILLGTSTLLVWVGVIRYLTFFHNYNILIATLRVALPSVMRFCCCVAVIYLGYCFCGWIVLGPYHVKFRSLSMVSECLFSLINGDDMFVTFAAMQAQQGRSSLVWLFSQLYLYSFISLFIYMVLSLFIALITGAYDTIKHPGGAGAEESELQAYIAQCQDSPTSGKFRRGSGSACSLLCCCGRDPSEEHSLLVN
sp|Q9H1B5|XYLT2_HUMAN Xylosyltransferase 2 OS=Homo sapiens OX=9606 GN=XYLT2 PE=1 SV=2,MVASARVQKLVRRYKLAIATALAILLLQGLVVWSFSGLEEDEAGEKGRQRKPRPLDPGEGSKDTDSSAGRRGSTGRRHGRWRGRAESPGVPVAKVVRAVTSRQRASRRVPPAPPPEAPGRQNLSGAAAGEALVGAAGFPPHGDTGSVEGAPQPTDNGFTPKCEIVGKDALSALARASTKQCQQEIANVVCLHQAGSLMPKAVPRHCQLTGKMSPGIQWDESQAQQPMDGPPVRIAYMLVVHGRAIRQLKRLLKAVYHEQHFFYIHVDKRSDYLHREVVELAQGYDNVRVTPWRMVTIWGGASLLRMYLRSMRDLLEVPGWAWDFFINLSATDYPTRTNEELVAFLSKNRDKNFLKSHGRDNSRFIKKQGLDRLFHECDSHMWRLGERQIPAGIVVDGGSDWFVLTRSFVEYVVYTDDPLVAQLRQFYTYTLLPAESFFHTVLENSLACETLVDNNLRVTNWNRKLGCKCQYKHIVDWCGCSPNDFKPQDFLRLQQVSRPTFFARKFESTVNQEVLEILDFHLYGSYPPGTPALKAYWENTYDAADGPSGLSDVMLTAYTAFARLSLHHAATAAPPMGTPLCRFEPRGLPSSVHLYFYDDHFQGYLVTQAVQPSAQGPAETLEMWLMPQGSLKLLGRSDQASRLQSLEVGTDWDPKERLFRNFGGLLGPLDEPVAVQRWARGPNLTATVVWIDPTYVVATSYDITVDTETEVTQYKPPLSRPLRPGPWTVRLLQFWEPLGETRFLVLPLTFNRKLPLRKDDASWLHAGPPHNEYMEQSFQGLSSILNLPQPELAEEAAQRHTQLTGPALEAWTDRELSSFWSVAGLCAIGPSPCPSLEPCRLTSWSSLSPDPKSELGPVKADGRLR
sp|Q9H270|VPS11_HUMAN Vacuolar protein sorting-associated protein 11 homolog OS=Homo sapiens OX=9606 GN=VPS11 PE=1 SV=1,MAAYLQWRRFVFFDKELVKEPLSNDGAAPGATPASGSAASKFLCLPPGITVCDSGRGSLVFGDMEGQIWFLPRSLQLTGFQAYKLRVTHLYQLKQHNILASVGEDEEGINPLVKIWNLEKRDGGNPLCTRIFPAIPGTEPTVVSCLTVHENLNFMAIGFTDGSVTLNKGDITRDRHSKTQILHKGNYPVTGLAFRQAGKTTHLFVVTTENVQSYIVSGKDYPRVELDTHGCGLRCSALSDPSQDLQFIVAGDECVYLYQPDERGPCFAFEGHKLIAHWFRGYLIIVSRDRKVSPKSEFTSRDSQSSDKQILNIYDLCNKFIAYSTVFEDVVDVLAEWGSLYVLTRDGRVHALQEKDTQTKLEMLFKKNLFEMAINLAKSQHLDSDGLAQIFMQYGDHLYSKGNHDGAVQQYIRTIGKLEPSYVIRKFLDAQRIHNLTAYLQTLHRQSLANADHTTLLLNCYTKLKDSSKLEEFIKKKSESEVHFDVETAIKVLRQAGYYSHALYLAENHAHHEWYLKIQLEDIKNYQEALRYIGKLPFEQAESNMKRYGKILMHHIPEQTTQLLKGLCTDYRPSLEGRSDREAPGCRANSEEFIPIFANNPRELKAFLEHMSEVQPDSPQGIYDTLLELRLQNWAHEKDPQVKEKLHAEAISLLKSGRFCDVFDKALVLCQMHDFQDGVLYLYEQGKLFQQIMHYHMQHEQYRQVISVCERHGEQDPSLWEQALSYFARKEEDCKEYVAAVLKHIENKNLMPPLLVVQTLAHNSTATLSVIRDYLVQKLQKQSQQIAQDELRVRRYREETTRIRQEIQELKASPKIFQKTKCSICNSALELPSVHFLCGHSFHQHCFESYSESDADCPTCLPENRKVMDMIRAQEQKRDLHDQFQHQLRCSNDSFSVIADYFGRGVFNKLTLLTDPPTARLTSSLEAGLQRDLLMHSRRGT
sp|Q9H2J7|S6A15_HUMAN Sodium-dependent neutral amino acid transporter B(0)AT2 OS=Homo sapiens OX=9606 GN=SLC6A15 PE=1 SV=1,MPKNSKVVKRELDDDVTESVKDLLSNEDAADDAFKTSELIVDGQEEKDTDVEEGSEVEDERPAWNSKLQYILAQVGFSVGLGNVWRFPYLCQKNGGGAYLLPYLILLMVIGIPLFFLELSVGQRIRRGSIGVWNYISPKLGGIGFASCVVCYFVALYYNVIIGWSLFYFSQSFQQPLPWDQCPLVKNASHTFVEPECEQSSATTYYWYREALNISSSISESGGLNWKMTICLLAAWVMVCLAMIKGIQSSGKIIYFSSLFPYVVLICFLIRAFLLNGSIDGIRHMFTPKLEIMLEPKVWREAATQVFFALGLGFGGVIAFSSYNKRDNNCHFDAVLVSFINFFTSVLATLVVFAVLGFKANVINEKCITQNSETIMKFLKMGNISQDIIPHHINLSTVTAEDYHLVYDIIQKVKEEEFPALHLNSCKIEEELNKAVQGTGLAFIAFTEAMTHFPASPFWSVMFFLMLVNLGLGSMFGTIEGIVTPIVDTFKVRKEILTVICCLLAFCIGLIFVQRSGNYFVTMFDDYSATLPLLIVVILENIAVCFVYGIDKFMEDLKDMLGFAPSRYYYYMWKYISPLMLLSLLIASVVNMGLSPPGYNAWIEDKASEEFLSYPTWGLVVCVSLVVFAILPVPVVFIVRRFNLIDDSSGNLASVTYKRGRVLKEPVNLEGDDTSLIHGKIPSEMPSPNFGKNIYRKQSGSPTLDTAPNGRYGIGYLMADIMPDMPESDL
sp|Q9H492|MLP3A_HUMAN Microtubule-associated proteins 1A/1B light chain 3A OS=Homo sapiens OX=9606 GN=MAP1LC3A PE=1 SV=2,MPSDRPFKQRRSFADRCKEVQQIRDQHPSKIPVIIERYKGEKQLPVLDKTKFLVPDHVNMSELVKIIRRRLQLNPTQAFFLLVNQHSMVSVSTPIADIYEQEKDEDGFLYMVYASQETFGF
sp|Q9HBJ8|CLTRN_HUMAN Collectrin OS=Homo sapiens OX=9606 GN=CLTRN PE=1 SV=1,MLWLLFFLVTAIHAELCQPGAENAFKVRLSIRTALGDKAYAWDTNEEYLFKAMVAFSMRKVPNREATEISHVLLCNVTQRVSFWFVVTDPSKNHTLPAVEVQSAIRMNKNRINNAFFLNDQTLEFLKIPSTLAPPMDPSVPIWIIIFGVIFCIIIVAIALLILSGIWQRRRKNKEPSEVDDAEDKCENMITIENGIPSDPLDMKGGHINDAFMTEDERLTPL
sp|Q9NRA2|S17A5_HUMAN Sialin OS=Homo sapiens OX=9606 GN=SLC17A5 PE=1 SV=2,MRSPVRDLARNDGEESTDRTPLLPGAPRAEAAPVCCSARYNLAILAFFGFFIVYALRVNLSVALVDMVDSNTTLEDNRTSKACPEHSAPIKVHHNQTGKKYQWDAETQGWILGSFFYGYIITQIPGGYVASKIGGKMLLGFGILGTAVLTLFTPIAADLGVGPLIVLRALEGLGEGVTFPAMHAMWSSWAPPLERSKLLSISYAGAQLGTVISLPLSGIICYYMNWTYVFYFFGTIGIFWFLLWIWLVSDTPQKHKRISHYEKEYILSSLRNQLSSQKSVPWVPILKSLPLWAIVVAHFSYNWTFYTLLTLLPTYMKEILRFNVQENGFLSSLPYLGSWLCMILSGQAADNLRAKWNFSTLCVRRIFSLIGMIGPAVFLVAAGFIGCDYSLAVAFLTISTTLGGFCSSGFSINHLDIAPSYAGILLGITNTFATIPGMVGPVIAKSLTPDNTVGEWQTVFYIAAAINVFGAIFFTLFAKGEVQNWALNDHHGHRH
sp|Q9NWQ8|PHAG1_HUMAN Phosphoprotein associated with glycosphingolipid-enriched microdomains 1 OS=Homo sapiens OX=9606 GN=PAG1 PE=1 SV=2,MGPAGSLLGSGQMQITLWGSLAAVAIFFVITFLIFLCSSCDREKKPRQHSGDHENLMNVPSDKEMFSRSVTSLATDAPASSEQNGALTNGDILSEDSTLTCMQHYEEVQTSASDLLDSQDSTGKPKCHQSRELPRIPPESAVDTMLTARSVDGDQGLGMEGPYEVLKDSSSQENMVEDCLYETVKEIKEVAAAAHLEKGHSGKAKSTSASKELPGPQTEGKAEFAEYASVDRNKKCRQSVNVESILGNSCDPEEEAPPPVPVKLLDENENLQEKEGGEAEESATDTTSETNKRFSSLSYKSREEDPTLTEEEISAMYSSVNKPGQLVNKSGQSLTVPESTYTSIQGDPQRSPSSCNDLYATVKDFEKTPNSTLPPAGRPSEEPEPDYEAIQTLNREEEKATLGTNGHHGLVPKENDYESISDLQQGRDITRL
sp|Q9NY26|S39A1_HUMAN Zinc transporter ZIP1 OS=Homo sapiens OX=9606 GN=SLC39A1 PE=1 SV=1,MGPWGEPELLVWRPEAVASEPPVPVGLEVKLGALVLLLVLTLLCSLVPICVLRRPGANHEGSASRQKALSLVSCFAGGVFLATCLLDLLPDYLAAIDEALAALHVTLQFPLQEFILAMGFFLVLVMEQITLAYKEQSGPSPLEETRALLGTVNGGPQHWHDGPGVPQASGAPATPSALRACVLVFSLALHSVFEGLAVGLQRDRARAMELCLALLLHKGILAVSLSLRLLQSHLRAQVVAGCGILFSCMTPLGIGLGAALAESAGPLHQLAQSVLEGMAAGTFLYITFLEILPQELASSEQRILKVILLLAGFALLTGLLFIQI
sp|Q9UJ71|CLC4K_HUMAN C-type lectin domain family 4 member K OS=Homo sapiens OX=9606 GN=CD207 PE=1 SV=2,MTVEKEAPDAHFTVDKQNISLWPREPPPKSGPSLVPGKTPTVRAALICLTLVLVASVLLQAVLYPRFMGTISDVKTNVQLLKGRVDNISTLDSEIKKNSDGMEAAGVQIQMVNESLGYVRSQFLKLKTSVEKANAQIQILTRSWEEVSTLNAQIPELKSDLEKASALNTKIRALQGSLENMSKLLKRQNDILQVVSQGWKYFKGNFYYFSLIPKTWYSAEQFCVSRNSHLTSVTSESEQEFLYKTAGGLIYWIGLTKAGMEGDWSWVDDTPFNKVQSVRFWIPGEPNNAGNNEHCGNIKAPSLQAWNDAPCDKTFLFICKRPYVPSEP
sp|Q9Y6Y9|LY96_HUMAN Lymphocyte antigen 96 OS=Homo sapiens OX=9606 GN=LY96 PE=1 SV=2,MLPFLFFSTLFSSIFTEAQKQYWVCNSSDASISYTYCDKMQYPISINVNPCIELKRSKGLLHIFYIPRRDLKQLYFNLYITVNTMNLPKRKEVICRGSDDDYSFCRALKGETVNTTISFSFKGIKFSKGKYKCVVEAISGSPEEMLFCLEFVILHQPNSN
sp|A2A5Z6|SMUF2_MOUSE E3 ubiquitin-protein ligase SMURF2 OS=Mus musculus OX=10090 GN=Smurf2 PE=1 SV=1,MSNPGGRRNGPVKLRLTVLCAKNLVKKDFFRLPDPFAKVVVDGSGQCHSTDTVKNTLDPKWNQHYDLYIGKSDSVTISVWNHKKIHKKQGAGFLGCVRLLSNAINRLKDTGYQRLDLCKLGPNDNDTVRGQIVVSLQSRDRIGTGGQVVDCSRLFDNDLPDGWEERRTASGRIQYLNHITRTTQWERPTRPASEYSSPGRPLSCFVDENTPITGTNGATCGHSSDPRLAERRVRSQRHRNYMSRTHLHTPPDLPEGYEQRTTQQGQVYFLHTQTGVSTWHDPRVPRDLSNINCEELGPLPPGWEIRNTATGRVYFVDHNNRTTQFTDPRLSANLHLVLNRQNQLKDQQQQQVVPLCPDDTECLTVPRYKRDLVQKLKILRQELSQQQPQAGHCRIEVSREEIFEESYRQVMKMRPKDLWKRLMIKFRGEEGLDYGGVAREWLYLLSHEMLNPYYGLFQYSRDDIYTLQINPDSAVNPEHLSYFHFVGRIMGMAVFHGHYIDGGFTLPFYKQLLGKSITLDDMELVDPDLHNSLVWILENDITGVLDHTFCVEHNAYGEIIQHELKPNGKSIPVTEENKKEYVRLYVNWRFLRGIEAQFLALQKGFNEVIPQHLLKTFDEKELELIICGLGKIDVSDWKVNTRLKHCTPDSNVVKWFWKAVEFFDEERRARLLQFVTGSSRVPLQGFKALQGAAGPRLFTIHQIDACTNNLPKAHTCFNRIDIPPYESYEKLYEKLLTAIEETCGFAVE
sp|A2AHC3|CAMP1_MOUSE Calmodulin-regulated spectrin-associated protein 1 OS=Mus musculus OX=10090 GN=Camsap1 PE=1 SV=1,MVDAGGRCAAEGWRRMEAPPEGADLVPLDRYDAARAKIAANLQWICAKAYGLDNIPEDLRDPFYIDQYEQEHIKPPVIKLLLSSELYCRVCSLILKGDQVATLQGHQSVIQALSRKGIYVMESDDTPVTDADLSQAPIKMSGHMAMVDALMMAYTVEMISIEKVVASVKRFSTFSASKELPYDLEDAMVFWINKVNLKMREITEKEVKLKQQPLESPAHQKVRYRREHLSARQSPYFPLLEDLMRDGSDGAALLAVVHYYCPEQMKLDDICLKEVPSMADSLYNIRLLREFSNEHLNKCFYLTLEDMLYAPLVLKPNVMVFIAELFWWFENVKPDFVQPRDIQELKDAKTVLQQKSSRPPVPISNATKRSFLGSPAAMSPADQPPSTQPLAEGSHRYHLHSEEPECLGKGASTFSPSHPLLPLRQKQQKVSQTEEIPDQRHRSNSLTRVDGQPRGAIGAWPDKKNRPVSQPTSFALHHAASCDVDPSSGDSVSLARSISKDSLASNIIHLTPQNQPHPSAGKSNGKSLLSNVNIEDEDEELVAIIRTDVSPPSPQMPRTSPQAPGLVASIRSPQRQADTLESKPDSFYLEPLMPAVLRPAKEKQITTKEDERGEGRPRTIMAKRPSEGSQPMVRKKVSGGHGSRDLNRTFTPIPCSEFAASIDLAEVGPQSAEATGEGQPLALGRFDTLPQGQAADGFFLHVGRAEEDEGRWYVGSQSPSSHDSEPWTILRQDSDSDVVDVEDTEQDFIGEDHPVVIPRYAGEEESAKLQEDMKVKEHEDKDDASGRSSPCLSTTSQLSSMSMASGSVKMTSFAERKLQRLNSCETKSSTSSSQKTTPDASESCPAPLTTWRQKREQSPGRHSKDPASLLASELVQLHMQLEEKRRAIEAQKKKMEALSARQRLKLGKAAFLHVVKKGKADGAPQPLRPEHFTKEFTQHNGEDLDDGTCKTEGFLVKEEQRDLSDAQDVAFVQLHKPRDPAALHDGEKHRMISTALLEDSVGEVDVNECDLSIEKLNETISTLQQAILKISQQQEQLLMKSPTVPTPGTKNNCQDQKIKAPVHFVEPLSPTGVPGHRKPPRLGQGRNSRSGRPAELKVPKDRQQGCSRSKTPTPSVETLPQSRSLPPSTHPRSPSDPGGELPEKCLFDSYRLHDESNHRTFVLSSCKDANIVSEQVNFKEGLDTSVKEAGLSSSTITGKEHTPVEEPLRSKASLIEVDLSDLKAPDEDGEVVGHESSVELGGDSDQKPGVGFFFKDEQKAEDELAKKRAAFLLKQQRKAEEARARKQQLEAEVELKRDEARRKAEEDRLRKEEEKARRELIKQEYLRRKQQQALEEQGLGKPKSKPKKPRPKSVHREESYSDSGTKCSSTHNLSQTHSGSSLSLASAATTEPESVYSGGTPSHRVESLEALPILSRNPSRSTDRDWETASAASSLASVAEYTGPKLFKEPSSKSNKPIIHNAISHCCLAGKVNEPHKNSILELEKCDANHYIILFRDAGCQFRALYCYQPDTEEIYKLTGTGPKSITKKMIDKLYKYSSDRKQFNLIPAKTMSVSVDALTIHNHLWQPKRPTVPKKTQTRK
sp|A2RSY1|KANL3_MOUSE KAT8 regulatory NSL complex subunit 3 OS=Mus musculus OX=10090 GN=Kansl3 PE=1 SV=1,MAHRGGERDFQTSARRMGTSLLFQLSVHERELDLVFLDHSYAKPWSAHPDASSARPTRMLFVTPRRQQENTIESDVPIDVETVTATPVPLYDNQKARSVMNECERHVIFARTDADAPPPPEDWEEHVNRTGWTVAQNKLFNKILKALQSDRLARLANEGACNEPVLRRVAVDKCARRVRQALASVSWDTKLTQWLHTTLVETLSLPMLAAYLDALQTLKGKIPTLIDRMLVSSNTKTGAAGAEALSLLLKRPWDPAVGVLSHNKPSKLPGSPLILIVSSGPSSSVFPASRRHRFWQSQLSCLGKVIPVATHLLNNGSGVGVLQCLEHMIGAVRSKVLEIHSHFPHKPIILIGWNTGALVACHVSVMEYVTAVVCLGFPLLTVDGPRGDVDDPLLDMKTPVLFVIGQNSLQCHPEAMEDFREKIRAENSLVVVGGADDNLRISKAKKKSEGLTQSMVDRCIQDEIVDFLTGVLTRAEGHVGSEPRDQDAEKKKKPRDLTRRDLAFEIPERGSRPASPAARLPTSPSGSEDLSSVSSSPTSSPKTKVTTVTSTQKSSQIGTSQLLKRHVQRTEAVLTHRQAQAQFAAFLKQNMLVRKAFPPGTSSCLFVPISSESVEDIEKEELRVQLKRHHSSSPLPGAKPSKRPKIKVSLISQGDTVGGPCTLSQGGTPEAAGGKPITMTLGASAGAKELTGLLTTAKSSSSEGGGTASTTPSVASSSATPNAIHTLQSRLVATSPGSSLPGTASASSLLQGLSFSLQDISSKTSGLPGSPSPGPAPQATSVKLPTPMQSLGAITTGTSTIVRTIPVATTLSSLGATPGGKPTAIHQLLTNGSLAKLASSLPGLAQISNQASGLKVPTTITLTLRGQPSRITTLSPMGSGATPSEEPNSQMLPSSSQRLPPAP
sp|P04919|B3AT_MOUSE Band 3 anion transport protein OS=Mus musculus OX=10090 GN=Slc4a1 PE=1 SV=1,MGDMRDHEEVLEIPDRDSEEELENIIGQIAYRDLTIPVTEMQDPEALPTEQTATDYVPSSTSTPHPSSGQVYVELQELMMDQRNQELQWVEAAHWIGLEENLREDGVWGRPHLSYLTFWSLLELQKVFSKGTFLLGLAETSLAGVANHLLDCFIYEDQIRPQDREELLRALLLKRSHAEDLGNLEGVKPAVLTRSGGASEPLLPHQPSLETQLYCGQAEGGSEGPSTSGTLKIPPDSETTLVLVGRANFLEKPVLGFVRLKEAVPLEDLVLPEPVGFLLVLLGPEAPHVDYTQLGRAAATLMTERVFRITASMAHNREELLRSLESFLDCSLVLPPTDAPSEKALLNLVPVQKELLRRRYLPSPAKPDPNLYNTLDLNGGKGGPGDEDDPLRRTGRIFGGLIRDIRRRYPYYLSDITDALSPQVLAAVIFIYFAALSPAVTFGGLLGEKTRNLMGVSELLISTAVQGILFALLGAQPLLVLGFSGPLLVFEEAFFSFCESNNLEYIVGRAWIGFWLILLVMLVVAFEGSFLVQYISRYTQEIFSFLISLIFIYETFSKLIKIFQDYPLQQTYAPVVMKPKPQGPVPNTALFSLVLMAGTFLLAMTLRKFKNSTYFPGKLRRVIGDFGVPISILIMVLVDSFIKGTYTQKLSVPDGLKVSNSSARGWVIHPLGLYRLFPTWMMFASVLPALLVFILIFLESQITTLIVSKPERKMIKGSGFHLDLLLVVGMGGVAALFGMPWLSATTVRSVTHANALTVMGKASGPGAAAQIQEVKEQRISGLLVSVLVGLSILMEPILSRIPLAVLFGIFLYMGVTSLSGIQLFDRILLLFKPPKYHPDVPFVKRVKTWRMHLFTGIQIICLAVLWVVKSTPASLALPFVLILTVPLRRLILPLIFRELELQCLDGDDAKVTFDEENGLDEYDEVPMPV
sp|P43274|H14_MOUSE Histone H1.4 OS=Mus musculus OX=10090 GN=H1-4 PE=1 SV=2,MSETAPAAPAAPAPAEKTPVKKKARKAAGGAKRKTSGPPVSELITKAVAASKERSGVSLAALKKALAAAGYDVEKNNSRIKLGLKSLVSKGTLVQTKGTGASGSFKLNKKAASGEAKPKAKRAGAAKAKKPAGAAKKPKKAAGTATAKKSTKKTPKKAKKPAAAAGAKKAKSPKKAKATKAKKAPKSPAKAKTVKPKAAKPKTSKPKAAKPKKTAAKKK
sp|P47873|IL11_MOUSE Interleukin-11 OS=Mus musculus OX=10090 GN=Il11 PE=1 SV=1,MNCVCRLVLVVLSLWPDRVVAPGPPAGSPRVSSDPRADLDSAVLLTRSLLADTRQLAAQMRDKFPADGDHSLDSLPTLAMSAGTLGSLQLPGVLTRLRVDLMSYLRHVQWLRRAGGPSLKTLEPELGALQARLERLLRRLQLLMSRLALPQAAPDQPVIPLGPPASAWGSIRAAHAILGGLHLTLDWAVRGLLLLKTRL
sp|P58735|S26A1_MOUSE Sulfate anion transporter 1 OS=Mus musculus OX=10090 GN=Slc26a1 PE=1 SV=1,MDASPEPQQKGGTLVLVRRQPPVSQGLLETLKARLKKSCTCSMPCAQALVQGLFPAIHWLPQYRLKEYLAGDVMSGLVIGIILVPQAIAYSLLAGLQPIYSLYTSFFANLIYFLMGTSRHVNVGIFSLLCLMVGQVVDRELQLAGFDPSQDSLGPKNNDSTLNNSATTLIIGLQDCRRDCYAIRVATALTLMAGLYQVLMGILRLGFVSTYLSQPLLDGFAMGASVTILTSQAKHMLGVQIPRHQGLGMVVHTWLSLLQNVGQANICDVVTSALCLGVLLAAKELSDRYRHRLKVPIPTELFVIVVATIVSHFGQLHTRFDSRVAGNIPTGFVAPQVPDPKIMWRVALDAMSLALVGSAFSISLAEMFARSHGYSVSANQELLAVGCCNVLPAFFHCFATSAALSKTLVKIATGCQTQLSSVVSAAVVLLVLLVLAPLFHDLQRCVLACIIVVSLRGALRKVKDLPQLWRLSPADALVWVATAATCVLVSTEAGLLAGVFFSLLSLAGRTQRPRAALLARIGDSTFYEDAAEFEGLLPPPEVRVFRFTGPLYYANKDFFLRSLYRLTGLDAGHSATRKDQGPEVGVSNRSLVDGKDLGSVSSGAGLVVPLAFGFHTVVIDCAPLLFLDVAGMATLKDLRRDYRALDITLLLACCSPSVRDTLRKGGFLGEEQGAENELLFPSVHSAVEAACARREELLAADSAL
sp|P60330|ESPL1_MOUSE Separin OS=Mus musculus OX=10090 GN=Espl1 PE=1 SV=1,MRNFKGVNFATLLCSKEETQQLLPDLKEFLSRSRTDFPSSRTDAERRQICDTILRACTQQLTAKLDCPGHLRSILDLAELACDGYLLSTPQRPPLYLERILFILLRNGSTQGSPDTVLRLAQPLHACLVQNSGEAAPQDYEAVTRGSFSLFWKGAEALLERRAAFSTRLNALSFLVLLEDGSVPCEVPHFASPTACRLVAAYQLYDATGQGLDEADADFLYEVLSRHLIRVLVGEGGSSPGPLSPQRALCLLEITLEHCRRLCWNHHHRQAARAVERARNHLEKTSVAPSLQLCQMGVELLEAVEERPGAVAQLLRKAAAVLINSIEAPSPPLRALYDSCQFFLSGLERGIRRHCGLDAILSLFAFLGGYSSLVRHLREVSEASSKQQQCLLQMHFQGFHLFTGIVYDFAQGCQATELAQLVDGCRSAAVWMLEALEGLSGGELADYLSMTASYTSNLAYSFFSQKLYEEACVISEPVCQHLGSATSGACPEVPPEKLHRCFRLHVESLKKLGKQAQGCKMVTLWLAALKPYSLEHMVEPVTFWVRVKMDASRAGDKELQLQTLRDSLSCWDPETQSLLLREELRAYKSVRADTGQERFNIICDLLELSPEETAAGAWARATYLVELAQVLCYHNFTQQTNCSALDAVQEALQLLESVSPEAQEQDRLLDDKAQALLWLYICTLEAKMQEGIERDRRAQAPSNLEEFEVNDLNYEDKLQEDRFLYSSIAFNLAADAAQSKCLDQALTLWKEVLTKGRAPAVRCLQQTAASLQILAAVYQLVAKPLQALETLLLLQIVSKRLQDHAKAASSSCQLTQLLLNLGCPSYAQLYLEEAESSLRSLDQTSDACQLLSLTCALLGSQLCWACQKVTAGVSLLLSVLRDPALQKSSKAWYLLRVQALQVLAFYLSLSSNLLSSALREQLWDQGWQTPETALIDAHKLLRSIIILLMGSDVLSIQKAATESPFLDYGENLVQKWQVLTEVLTCSERLVGRLGRLGNVSEAKAFCLEALKLTTKLQIPRQCALFLVLKGELELARGDIDLCQSDLQQVLFLLESSTEFGVVTQHPDSVKKVHTQKGKHKAQGPCFPPLSEEEPFLKGPALELVDTVLNEPGPIQSSVNSSPVLKTKPPPNPGFLSHLPSCDCLLCASPALSAVCLRWVLVTAGVRLATGHKAQGLDLLQAVLTRCPAATKRFTQSLQASLNHRTTPSCVPSLFDEIMAQVYTHLALEFLNQTSEKSLGKVLASGLKFVATRIQSLEIWRAHLLLVQALAKLAHFSCCTSELFASSWGWHPPLVKSLPVLEPAKIRRQKCSGRGRRRIASVPPPLHNSSQKGLEEEGPPCTPKPPGRARQAGPRVPFTIFEEVHPTKSKLQVPLAPRVHRRAQTRLKVIFSDDSDLEDLVSADTQLVEEPKRRGTASRTRGQTRKGRSLKTDAVVAIESTPGHSSVSGRTRRARKVASRNCEEESPKAPLCVWASQGPEIMRSIPEEEPVDNHLEKSFEILRGSDGEDSASGEKAAAADTGLPVGECEVLRRDSSKAERPVLYSDTEANSDPSPWLPPFSVPAPIDLSTLDSISDSLSIAFRGVSHCPPSGLYAHLCRFLALCLGHRDPYATAFLVAESISITCRHQLLTHLHRQLSKAQKQQESPELAEHLQRLDLKERPGGVPLARIQRLFSFKALGSGCFPQAEKESFQERLALIPSGVTVCVLALATLQPGTLSNTLLLTRLEKDNPPITVKIPTAQNKLPLSAVLKEFDAIQKDQKENSSCTEKRVWWTGRLALDQRMEALITALEEQVLGCWRGLLLPCSADPSLAQEASKLQELLRECGWEYPDSTLLKVILSGARILTSQDVQALACGLCPAQPDRAQVLLSEAVGQVQSQEAPRSQHLVLVLDKDLQKLPWESTPILQAQPVTRLPSFRFLLSYTVTKEAGASSVLSQGVDPQNTFYVLNPHSNLSSTEERFRASFSSETGWKGVIGEVPSLDQVQAALTERDLYIYAGHGAGARFLDGQAVLRLSCRAVALLFGCSSAALAVHGNLEGAGIVLKYIMAGCPLFLGNLWDVTDRDIDRYTEALLQGWLGAGPGAPFLYYASQARQAPRLKYLIGAAPVAYGLPISLQTP
sp|P70279|SURF6_MOUSE Surfeit locus protein 6 OS=Mus musculus OX=10090 GN=Surf6 PE=1 SV=1,MASLLAKDTYLQDLAKKICAQPGPERQRSTWGVRTKGSEAAGAPKKKRKKTQKKSPEQEQKAMDHKTKALGKKPPTSSRPKNPMVSKQEKGLSSLGSPKDSQGTARESVFALDFLRQRLHEKIQLARGQGSTKELSAATLEKRQRRKQERERKKRKRKERQAKQQVAEAEKKEEPVEVTPKMACKELQESGLIFNKVEVTEEEPASKAQRKKEKRQKVKGNLTPLTGRNYRQLLDRLQARQGRLDELRDQDAAKAQELEAKMKWTNLLYKAEGVKIRDDERLLQEALKRKEKRRAQRQRKWEKRSEHVVEKMQQRQDKRRQNLRKKKAARAERRLQKAHKKGRVLPQDLERAGLS
sp|Q14AT5|ANO7_MOUSE Anoctamin-7 OS=Mus musculus OX=10090 GN=Ano7 PE=1 SV=2,MLRGQAREEDSVVLIDMASPEAGNGCSYGSTAQASEAGKQQVAPSRVGSSAKPPIDFVLVWEEDLRNQENPTKDKTDTHEVWRETFLENLCLAGLKIDQHDVQDEAAAVHYILLRAPWAVLCYYAEDLRLKLPLQELPNQASNWSATLLEWLGIPNILLEHVPDTPPEYYSCQFKASKLQWFLGSDNQDTFFTSTKRHQILFEILAKTPYGHEKKGLFGIDQLLAEGVFSAAFPLHDGPFSAVPESSQVLGLIQRQVLFQHWARWGKWNKYQPLDHVRRYFGEKVALYFAWLGFYTGWLLPAAVVGTVVFLVGCFLVFSDIPTQELCHSSDSFDMCPLCSDCSFWLLSSACTLAQAGRLFDHGGTVFFSLFMALWAVLLLEYWKRKNATLAYRWDCSDYEDIEERPRPQFAATAPMTALNPITGEDEPYFPEKNRVRRMLAGSVVLLMMVAVVIMCLVSVILYRAVMAIIVSRSDNAFLSAWASRIASLTGSVVNLVFILILSKVYVLLAQVLTRWEMHRTQTEFEDAFTLKVFIFQFVNFYASPVYIAFFKGRFVGYPGNYHTLFGIRNEECPAGGCLSELAQELLVIMVGKQIINNVQEVLVPKLKGCWQKFSRGKKAGTGTHPAPWEADYELLPCEGLFHEYLEMVLQFGFVTIFVAACPLAPLFALLNNWVEIRLDARKFVCEYRRPVAERAQDIGIWFHILTGLTHLAVISNAFLLAFSSDFLPRVYYSWTHAPDLHGFLNFTLARAPPTFTSAHNRTCRYRAFRDDDGHYSPTYWTLLAIRLAFVIVFEHVVFSIGRVLDLLVPDIPESVEIKVKREYYLAKQALAENEALLGATGVKDDQPPSSEPSLGLPA
sp|Q5ISE2|Z36L3_MOUSE mRNA decay activator protein ZFP36L3 OS=Mus musculus OX=10090 GN=Zfp36l3 PE=1 SV=1,MANNNLNRPLNTNVADSSNSSSTPGTAPPPSSSDPQVLGHQAPSSSASSLTEDCSSSFARDLNSYNNGQSGATGAVSWEAPHEPSEANAVSQIHPRNGEHSLQQKPKPQKVSGSSSLATSERYKTELCRPFEESGICKYGHKCQFAHGYRELRTLSRHPKYKTEPCRTFHSVGFCPYGTRCHFIHNQPEQQPVLSESTLEEPSSFNGSNVLHLGVNGEQQPGLQSDSPSGFLSVNSQALQAPLQLNQQALSSGGVMPSSHPAAANLRMMCCRTSSSTTAHDADKDPDKDADKDPSNNSANDALAFPQEPGDFSPVAFQNPNTATTTPTAFYNNQQQMGLAASAQFQMPLARPLPSATIFGQASVGPALTPGAAMAPGAALAPAAALTPAAALAPGAAMALGAAMATGAAMATGAALTPGAALALGAAMAAGAALAPGAAMAPGAAMATGAALAFGAAMATGTTLTPGAAMALGAAMATGAALAPGAAVAPRAALAPRAAFAPGAAALAPRAALPPGAALTPGAALAPGAALAPRAALPPGATLRPGAALIPRAALAPGAALAPGAALTPGAALAPGATLAPRAALAPGAALAPRITITSRAAITPGVAIAPGVATASTGILAPGAATATVGNTSSTTITAATAAEGAAPHFTFQLPDVESESESESLEFDVVTSTLDSLLVSDDEDEDDFLRRSSSSSSLNESEFDNTNSSRRLPIFSRFSDSEK
sp|Q61545|EWS_MOUSE RNA-binding protein EWS OS=Mus musculus OX=10090 GN=Ewsr1 PE=1 SV=2,MASTDYSTYSQAAAQQGYSAYTAQPTQGYAQTTQAYGQQSYGTYGQPTDVSYTQAQTTATYGQTAYATSYGQPPTGYSTPTAPQAYSQPVQGYGTGTYDSTTATVTTTQASYAAQTAYGTQPAYPTYGQQPTATAPTRPQDGNKPAETSQPQSSTGGYNQPSLGYGQSNYSYPQVPGSYPMQPVTAPPSYPPTSYSSSQPTSYDQSSYSQQNTYGQPSSYGQQSSYGQQSSYGQQPPTSYPPQTGSYSQAPSQYSQQSSSYGQQSSFRQDHPSSMGVYGQESGGFSGPGENRSLSGPDNRGRGRGGFDRGGMSRGGRGGGRGGLGAGERGGFNKPGGPMDEGPDLDLGLPIDPDEDSDNSAIYVQGLNDNVTLDDLADFFKQCGVVKMNKRTGQPMIHIYLDKETGKPKGDATVSYEDPPTAKAAVEWFDGKDFQGSKLKVSLARKKPPMNSMRGGMPPREGRGMPPPLRGGPGGPGGPGGPMGRMGGRGGDRGGFPPRGPRGSRGNPSGGGNVQHRAGDWQCPNPGCGNQNFAWRTECNQCKAPKPEGFLPPPFPPPGGDRGRGGPGGMRGGRGGLMDRGGPGGMFRGGRGGDRGGFRGGRGMDRGGFGGGRRGGPGGPPGPLMEQMGGRRGGRGGPGKMDKGEHRQERRDRPY
sp|Q62193|RFA2_MOUSE Replication protein A 32 kDa subunit OS=Mus musculus OX=10090 GN=Rpa2 PE=1 SV=1,MWNSGFESFTSSTYGGRGGYTQSPGGFGSPTPSQAEKKSRVRAQHIVPCTISQLLSATLTDEVFRIGDVEISQVTIVGIIRHAEKAPTNIVYKIDDMTAPPMDVRQWVDTDDASGENAVVPPETYVKVAGHLRSFQNKKSLVAFKIIPLEDMNEFTAHILEVVNSHMMLSKPNSQASAGRPSMSNPGMSESFNFSGNNFMPANRLTVVQNQVLNLIKACPRPEGLNFQDLRSQLQHMPVPSIKQAVDFLCNEGHIYSTVDDDHFKSTDAE
sp|Q62376|RU17_MOUSE U1 small nuclear ribonucleoprotein 70 kDa OS=Mus musculus OX=10090 GN=Snrnp70 PE=1 SV=2,MTQFLPPNLLALFAPRDPIPYLPPLEKLPHEKHHNQPYCGIAPYIREFEDPRDAPPPTRAETREERMERKRREKIERRQQEVETELKMWDPHNDPNAQGDAFKTLFVARVNYDTTESKLRREFEVYGPIKRIHMVYSKRSGKPRGYAFIEYEHERDMHSAYKHADGKKIDGRRVLVDVERGRTVKGWRPRRLGGGLGGTRRGGADVNIRHSGRDDTSRYDERPGPSPLPHRDRDRDRERERRERSRERDKERERRRSRSRDRRRRSRSRDKDERRRSRERSKDKDRDRKRRSSRSRERARRERERKEELRGGGGGGGGGSGGGGGGDMAEPSEAGDGAPDDGPPGELGPEGPDGPEEKGRDRDRERRRSHRSERERRRDRDRDRDREHKRGERGSERGRDEARGGGGSGQDNGLEGLGSDGRDMYMEAEGGDGYMAPENGYLMEAAPE
sp|Q67BT3|S13A5_MOUSE Solute carrier family 13 member 5 OS=Mus musculus OX=10090 GN=Slc13a5 PE=2 SV=1,MDSAKTCVTKFKSFAILLFTPILMLPLVILIPDKFARCAYVIVIMAVYWCTDVIPVAVTSLLPVLLFPLLKVLDSKQVCIQYMKDTNMLFLGSLIVAVAVERWKLHKRVALRMLLFVGTKPSRLMLGFMFVTAFLSMWISNTAATAMMIPIVEAMLQQMIAANTAVEASLGTLELLDKNKTSELPGSQVVFEDPNVQEQEDEETKNMYKAMHLCVCYSASIGGTATLTGTGPNVVLLGQMQELFPDSKDVLNYASWFGFAFPNMVMMLVLAWLWLQCLYMRHNLKKTCICCGEKKRDTEKIAYKVLNEEYQKLGSLSYPECNVLFCFTLLVILWFSRDPGFMPGWLSFAWVEGNTVHITDATVAIFVAILLFIIPSQKPKFNFSSQTEEERKTPFYPPALLDWKVAQEKVPWDIVLLLGGGFAMAKGCETSGLSKWMAAQMEPLRLVKPAVITLILSCLVAMTTECTSNVATTTLFLPIFASMARSIGIHPLYVMIPCTMSASLAFMLPVATPPNAIVFAYGHLRVVDMMKTGLIMNFVGILSVFLSVNTWGRAMFNLDNFPDWANSTSVNT
sp|Q6A028|SWP70_MOUSE Switch-associated protein 70 OS=Mus musculus OX=10090 GN=Swap70 PE=1 SV=2,MRGLKDELLKAIWHAFTALDLDRSGKVSKSQLKVLSHNLCTVLKVPHDPVALEEHFRDDDEGPVSNQGYMPYLNKFILEKVQDNFDKIEFNRMCWTLCVKKNLTKSPLLITEDDAFKVWVIFNFLSEDKYPLIIVPEEIEYLLKKLTEAMGGGWQQEQFEHYKINFDDNKDGLSAWELIELIGNGQFSKGMDRQTVSMAINEVFNELILDVLKQGYMMKKGHKRKNWTERWFVLKPNIISYYVSEDLKDKKGDILLDENCCVESLPDKDGKKCLFLIKCFDKTFEISASDKKKKQEWIQAIYSTIHLLKLGSPPPHKEARQRRKELRRKLLAEQEELERQMKELQAANENKQQELESVRKKLEEAASRAADEEKKRLQTQVELQTRFSTELEREKLIRQQMEEQVAQKSSELEQYLQRVRELEDMYLKLQEALEDERQARQDEETVRKLQARLLEEESSKRAELEKWHLEQQQAIQTTEAEKQELEQQRVMKEQALQEAMAQLEQLELERKQALEQYEGVKKKLEMATHMTKSWKDKVAHHEGLIRLIEPGSKNPHLITNWGPAAFTQAELEEREKSWKEKKTTE
sp|Q6NVG1|LPCT4_MOUSE Lysophospholipid acyltransferase LPCAT4 OS=Mus musculus OX=10090 GN=Lpcat4 PE=1 SV=1,MSQGSPGAWAPLDPTSGSSASPNPFVHELHLSGLQRVKFCLLGVLLAPIRVLLAFIVLFLLWPFAWLQVAGLTEEQLQEPITGWRKTVCHNGVLGLSRLLFFLLGFLRIRVRGQRASRLEAPVLVAAPHSTFFDPIVLLPCDLPKVVSRAENLSVPVIGALLRFNQAILVSRHDPASRRRVVEEVRRRATSGGKWPQVLFFPEGTCSNKKALLKFKPGAFIAGVPVQPVLIRYPNSLDTTSWAWRGPGVLKVLWLTASQPCSIVDVEFLPVYQPSLEESKDPTLYANNVQRVMAQALGIPATECEFVGSLPVIVVGQLKVALEPQLWELAKVLQKAGLSPGFVDMGAEPGRSRMISQEAFAQQLQLSDPQTVAGAFSYFQQDAKGLVDFRNVALALAALDGGRSLEELTRLAFELFAEEQAEGSDRLLYKDGFSTILHLLLGSPRPAATTLHAELCQPGCSQGLSLCQFQNFSLHDPLYGKLFSAYLRPPHKPRSTSQIPNASSPSSPTALANGTVQAPKQKGD
sp|Q6Q473|CLA4A_MOUSE Calcium-activated chloride channel regulator 4A OS=Mus musculus OX=10090 GN=Clca4a PE=1 SV=2,MAFSRGPVFLLLLLYLLWGSDTSLIRLNENGYEDIIIAIDPAVPEDTTIIEHIKGMVTKASTYLFEATEKRFFFKNVSILIPESWKDSPQYRRPKQESYKHADIKVAPPTVEGRDEPYTRQFTQCEEKAEYIHFTPDFVLGRKQDEYGDSGKVLVHEWAHLRWGVFDEYNEDQPFYSASSKKIEATRCSTGITGTNRVYACQGGSCAMRRCRTNSTTKLYEKDCQFFPDKVQSEKASIMFMQSIDSVTEFCKKENHNREAPTLHNKKCNYRSTWEVISTSEDFNSSTPMETSPSPPFFSLLRISERIMCLVLDVSGSMTSYDRLNRMNQAAKYFLSQIIENRSWVGMVHFSSQATIVHELIQINSDIERNQLLQTLPTSANGGTSICSGIKAAFQVFKNGEYQTDGTEILLLSDGEDSTAKDCIDEVKDSGSIVHFIALGPLADLAVTNMSILTGGNHKLATDEAQNNGLIDAFGALASENADITQKSLQLESKGAILNNSLWLNDTVVIDSTLGRDTFFLVTWSKQAPAIYLRDPKGTQTTNFTMDSASKMAYLSIPGTAQVGVWTYNLEAKENSEILTITVTSRAANSSVPPITVNAKVNTDTNTFPSPMIVYAEVLQGYTPIIGARVTATIESNSGKTEELVLLDNGAGADAFKDDGVYSRFFTAYSVNGRYSLKVRADGGRNSARRSLRHPSSRAAYIPGWVVDGEIQGNPPRPETTEATQPVLENFSRTASGGAFVVSNVPSGPLPDLYPPNQITDLQATLDGEEISLTWTAPGDDYDVGRVQQYIIRTSKNIIELRDNFNNSPRVDTTNLTPKEANSEETFAFKPENITEENATYIFIAIESVDKSSLSSGPSNIAQVALFTPQAEPDPDESPSSSGVSVATIVLSVLGALVLVCIIVGTTICILKNKRSSSAAITKF
sp|Q78KK3|S22AI_MOUSE Solute carrier family 22 member 18 OS=Mus musculus OX=10090 GN=Slc22a18 PE=1 SV=2,MAALPRQGIIILTYVLAALELTCLFMQFSILPYLSRTLGLDSVSFGYLQTTFGVLQLLGGPVFGRFADQCGARAALSLSFLAASALYLLLVASCSPALPGVFLLFASRIPSALMHTLPAAQMVITDLTAPTERPAALGRLGLCFGIGIIFGSLLGGTLNTAYGIQCPAILAFVVTLLGAVLSFTCVPATTKEASVQSAPQGGTKASVFDLKAITRLLLLPRVLPVFLVKVISGLPSGLFLVMFSIISMDFFQLEAAQAGYLMSFFGILQMMIQGLVIGRLSTHFPEEALLRSSVLVFAVVGLGMALMSSVLHFCFLMPGLVFSLCTLNVVTDSMLTKAVSASDTGTMLGLSASVQPLTRTLGPTLGGLLYRSYGVPIFGHVQLMVNLLVLLVLWKKPLSQKGEKAR
sp|Q7TPS5|C2CD5_MOUSE C2 domain-containing protein 5 OS=Mus musculus OX=10090 GN=C2cd5 PE=1 SV=2,MPGKLKVKIVAGRHLPVMDRASDLTDAFVEVKFGNTTFKTDVYLKSLNPQWNSEWFKFEVDDEDLQDEPLQITVLDHDTYSANDAIGKVYIDIDPLLYSEAATVISGWFPIYDTIHGIRGEINVVVKVDLFNDSNRFRQSSCGVKFFCTTSIPKCYRAVVIHGFVEELVVNEDPEYQWIDRIRTPRASNEARQRLISLMSGELQRKIGLKVLEMRGNAVVGYLQCFDLEGESGLVVRAIGTACTLDKLSSPAAFLPACSSPSRELKEIPFNEDPNPNTHSSGPSTPLKNQTYSFSPSKSYSRQSSSSDTDLSLTPKTGMGSGSAGKEGGPFKALLRQQTQSALEQREFPFLTLTAFPPGLLVHVGGVVSARSVKLLDRIHNPDEPETRDAWWAEIRQEIKSHAKALGCHAVVGYSESTSICEEVCILSASGTAAVLNPRFLQEGTVEGCLEQRIEENLPVGCGFCHIPYDELNMPFPAHLTYCYNCRKQKVPDVLFTTIDLPTDAVVVGKGCLIQARLCRLKKKAQAEANATAISNLLPFMEYEVHTQLMNKLKLKGMNALFGLRIQITVGETMLMGLASATGVYLAALPTPGGIQIAGKTPNDGSYEQHISHMQKRINDTIAKNKELYEITPPEVSEEMIGSPIPEPRQRSRLLRSQSESSDEVTELDLSHGKKDAFVLEIDDTDAMEDVHSLLTDAPPPSGFYSCNTEIMPGINNWTSEIQMFTSVRVVRLSSLNLTNQALNKNFNGLCENLLKSLYFKLRSMTPCCLCHVNFTVSLPEDELIQVTVTAVAITFDKNQALQTTKPHVEKSLQRASTDNEELLQFPLELCSDSLPPHPFPAAKEHLESANSNSGIPAAQRAVTVEKASAMGDGNFRNRSAPPCASPTVGVVKMTPLSFIPGAKITKYLGIINMFFIRETTSLREEGGVSGFLHAFIAEVFAMVRAHVAALGGNAVVSYIMKQCVFMENPSKNQAQCLINVSGDAVVFVRDSDLEVMSSQQPAANCQPSCTGEVTT
sp|Q8BIF2|RFOX3_MOUSE RNA binding protein fox-1 homolog 3 OS=Mus musculus OX=10090 GN=Rbfox3 PE=1 SV=2,MAQPYPPAQYPPPPQNGIPAEYAPPPPHPTQDYSGQTPVPPEHGMTLYTPAQTHPEQPGTEASTQPIAGTQTVPQADEAAQTDNQQLHPSDPTEKQQPKRLHVSNIPFRFRDPDLRQMFGQFGKILDVEIIFNERGSKGFGFVTFETSSDADRAREKLNGTIVEGRKIEVNNATARVMTNKKPGNPYANGWKLNPVVGTVYGPEFYAVTSFPYPTTGTAVAYRGAHLRGRGRAVYNTFRAAPPPPPIPTYGAALEQTLVKMPVPWAGLAPCPLPPQQTPEPAYPTSPAFPPLSCPFASRVVYQDGFYGAEIYGGYAAYRYAQPAAATAAAYSDSYGRVYAAADPYHHTIGPTATYSIGTMASLCRGGYSRFTPY
sp|Q8BL66|EEA1_MOUSE Early endosome antigen 1 OS=Mus musculus OX=10090 GN=Eea1 PE=1 SV=2,MFRRILQRTPGRVGSQGSDLDSSATPINTVDVNNESSSEGFICPQCMKSLGSADELFKHYQAVHDAGNDSGHGGEAGLALTRDDITLLRQEVQDLQASLKEEKWYSEELKKELEKYQGLQQQEAKSDGLVTDSSAELQALEQQLEEAQTENFNIKQMKDLFEQKAAQLATEIADIKSKYDEEKSLRAAAEQKVTHLTEDLNKQTTVIQDLKTELLQRPGIEDVAVLKKELVQVQTLMDNMTLERERESEKLKDECKKLQSEHAHLEATINQLRSELAKGPQEVAVYVQEIQKLKGSINELTQKNQNLTEKLQKKDLDYTHLEEKHNEESASRKTLQASLHQRDLDCQQLQARLTASESSLQRAQGELSEKAEAAQKLREELREVESTRQHLKVEVKQLQQQREEKEQHGLQLQGEVSQLHCKLLETERQLGEAHGRLKEQRQLSSEKLMEKEQQVADLQLKLSRLEEQLKEKVTNSTELQHQLEKSKQQHQEQQALQQSATAKLREAQNDLEQVLRQIGDKDQKIQNLEALLQKGKESVSLLEKEREDLYAKIQAGEGETAVLNQLQEKNHALQQQLTQLTEKLKNQSESHKQAEENLHDQVQEQKAHLRAAQDRVLSLETSVSELSSQLNESKEKVSQLDIQIKAKTELLLSAEAAKAAQRADLQNHLDTAQHALQDKQQELNKVSVQLDQLTAKFQEKQEHCIQLESHLKDHKEKHLSLEQKVEDLEGHIKKLEADALEVKASKEQALQSLQQQRQLSTDLELRNAELSRELQEQEEVVSCTKLDLQNKSEILENIKQTLTKKEEENVVLKQEFEKLSQDSKTQHKELGDRMQAAVTELTAVKAQKDALLAELSTTKEKLSKVSDSLKNSKSEFEKENQKGKAAVLDLEKACKELKHQLQVQAESALKEQEDLKKSLEKEKETSQQLKIELNSVKGEVSQAQNTLKQKEKDEQQLQGTINQLKQSAEQKKKQIEALQGEVKNAVSQKTVLENKLQQQSSQAAQELAAEKGKLSALQSNYEKCQADLKQLQSDLYGKESELLATRQDLKSVEEKLTLAQEDLISNRNQIGNQNKSIQELQAAKASLEQDSAKKEALLKEQSKALEDAQREKSVKEKELVAEKSKLAEMEEIKCRQEKEITKLNEELKSHKQESIKEITNLKDAKQLLIQQKLELQGRVDSLKAALEQEKESQQLMREQVKKEEEKRKEEFSEKEAKLHSEIKEKEAGMKKHEENEAKLTMQVTTLNENLGTVKKEWQSSQRRVSELEKQTDDLRGEIAVLEATVQNNQDERRALLERCLKGEGEIEKLQTKALELQRKLDNTTAAVQELGRENQSLQIKHTQALNRKWAEDNEVQNCMSCGKCFSVTVRRHHCRQCGNIFCAECSTKNALTPSSKKPVRVCDACFNDLQG
sp|Q8C0L6|PAOX_MOUSE Peroxisomal N(1)-acetyl-spermine/spermidine oxidase OS=Mus musculus OX=10090 GN=Paox PE=1 SV=3,MAFPGPRVLVVGSGIAGLGAAQKLCSHRAAPHLRVLEATASAGGRIRSERCFGGVVELGAHWIHGPSQDNPVFQLAAEFGLLGEKELSEENQLVDTGGHVALPSMIWSSSGTSVSLELMTEMARLFYGLIERTREFLNESETPMASVGEFLKKEISQQVASWTEDDEDTRKRKLAILNTFFNIECCVSGTHSMDLVALAPFGEYTVLPGLDCILAGGYQGLTDRILASLPKDTVAFDKPVKTIHWNGSFQEAAFPGETFPVLVECEDGARLPAHHVIVTVPLGFLKEHQDTFFEPPLPAKKAEAIKKLGFGTNNKIFLEFEEPFWEPDCQFIQVVWEDTSPLQDTALSLQDTWFKKLIGFLVQPSFESSHVLCGFIAGLESEFMETLSDEEVLLSLTQVLRRVTGNPQLPAAKSVRRSQWHSAPYTRGSYSYVAVGSTGDDLDLMAQPLPEDGTGTQLQVLFAGEATHRTFYSTTHGALLSGWREADRLVSLWDSQVEQSRPRL
sp|Q8JZQ9|EIF3B_MOUSE Eukaryotic translation initiation factor 3 subunit B OS=Mus musculus OX=10090 GN=Eif3b PE=1 SV=1,MQDAENVAVPEAAEERAEPARQQPASESPPTDEAAGSGGSEVGQTEDAEEDAEAGPEPEVRAKPAAQSEEETATSPAASPTPQSAERSPSQEPSAPGKAEAVGEQARGHPSAGAEEEGGSDGSAAEAEPRALENGEADEPSFSDPEDFVDDVSEEELLGDVLKDRPQEADGIDSVIVVDNVPQVGPDRLEKLKNVIHKIFSKFGKIINDYYPEEDGKTKGYIFLEYASPAHAVDAVKNADGYKLDKQHTFRVNLFTDFDKYMTISDEWDIPEKQPFKDLGNLRYWLEEAECRDQYSVIFESGDRTSIFWNDVKDPVSIEERARWTETYVRWSPKGTYLATFHQRGIALWGGDKFKQIQRFSHQGVQLIDFSPCERYLVTFSPLMDTQDDPQAIIIWDILTGHKKRGFHCESSAHWPIFKWSHDGKFFARMTLDTLSIYETPSMGLLDKKSLKISGIKDFSWSPGGNIIAFWVPEDKDIPARVTLMQLPTRQEIRVRNLFNVVDCKLHWQKNGDYLCVKVDRTPKGTQGVVTNFEIFRMREKQVPVDVVEMKETIIAFAWEPNGSKFAVLHGEAPRISVSFYHVKSNGKIELIKMFDKQQANTIFWSPQGQFVVLAGLRSMNGALAFVDTSDCTVMNIAEHYMASDVEWDPTGRYVVTSVSWWSHKVDNAYWLWTFQGRLLQKNNKDRFCQLLWRPRPPTLLSQDQIKQIKKDLKKYSKIFEQKDRLSQSKASKELVERRRTMMEDFRQYRKMAQELYMKQKNERLELRGGVDTDELDSNVDDWEEETIEFFVTEEVIPLGSQE
sp|Q8JZX4|SPF45_MOUSE Splicing factor 45 OS=Mus musculus OX=10090 GN=Rbm17 PE=1 SV=1,MSLYDDLGVETSDSKTEGWSKNFKLLQSQLQVKKAALTQAKSQRTKQSTVLAPVIDLKRGGSSDDRQIADTPPHVAAGLKDPVPSGFSAGEVLIPLADEYDPMFPNDYEKVVKRQREERQRQRELERQKEIEEREKRRKDRHEASGFSRRPDPDSDEDEDYERERRKRSMGGAAIAPPTSLVEKDKELPRDFPYEEDSRPRSQSSKAAIPPPVYEEPDRPRSPTGPSNSFLANMGGTVAHKIMQKYGFREGQGLGKHEQGLSTALSVEKTSKRGGKIIVGDATEKGEAQDASKKSDSNPLTEILKCPTKVVLLRNMVGAGEVDEDLEVETKEECEKYGKVGKCVIFEIPGAPDDEAVRIFLEFERVESAIKAVVDLNGRYFGGRVVKACFYNLDKFRVLDLAEQV
sp|Q8K273|MMGT1_MOUSE Membrane magnesium transporter 1 OS=Mus musculus OX=10090 GN=Mmgt1 PE=1 SV=1,MAPSLWKGLVGVGLFALAHAAFSAAQHRSYMRLTEKEDESLPIDIVLQTLLAFAVTCYGIVHIAGEFKDMDATSELKNKTFDTLRNHPSFYVFNHRGRVLFRPSDATNSSNLDALSSNTSLKLRKFDSLRR
"sp|Q91Z92|B3GT6_MOUSE Beta-1,3-galactosyltransferase 6 OS=Mus musculus OX=10090 GN=B3galt6 PE=2 SV=1",MKVFRRAWRHRVALGLGGLAFCGTTLLYLARCASEGETPSASGAARPRAKAFLAVLVASAPRAVERRTAVRSTWLAPERRGGPEDVWARFAVGTGGLGSEERRALELEQAQHGDLLLLPALRDAYENLTAKVLAMLTWLDERVDFEFVLKADDDSFARLDAILVDLRAREPARRRRLYWGFFSGRGRVKPGGRWREAAWQLCDYYLPYALGGGYVLSADLVHYLRLSREYLRAWHSEDVSLGTWLAPVDVQREHDPRFDTEYKSRGCNNQYLVTHKQSPEDMLEKQQMLLHEGRLCKHEVQLRLSYVYDWSAPPSQCCQRKEGVP
sp|Q920F6|SMC1B_MOUSE Structural maintenance of chromosomes protein 1B OS=Mus musculus OX=10090 GN=Smc1b PE=1 SV=1,MGHLELLLVENFKSWRGRQVIGPFKRFTCIIGPNGSGKSNVMDALSFVMGEKTTNLRVKNIQELIHGAHTGKPVSSSASVTIIYIEDSGEEKTFTRIIRGGCSEYHFGDKPVSRSVYVAQLENIGIIVKAQNCLVFQGTVESISMKKPKERTQFFEEISTSGEFIGEYEAKKKKLQKAEEDAQFHFNVKKNVAAERKHAKIEKEEAEHYQNLLEELKINKIQLMLFQLYYNEEKINVLNTELEQMDGNLSVVKDTLSHHENIFKAKKKDYGMLTRQLQQTAKELKSVEAILNQKRPQYIKAKENTSHHLKKLDLSKKLITDNEKQCSKQEDGIRALVAELADLDRAWKSFEKQMEEKILQKGRDIELENSQLDRYKLLKEQVRRKVGIMTQQLEKLQWEQKAEKERLAFEKRRHGDTQGNLKQIKEQIEEHKKRIEKLEEYTKTCMDCLEDKKQQEEALKKEIENTKSRMSEVNEELSLIRNELQNAGIDNHEGKRQQKRAEVLEHLKRLYPDSVFGRLLDLCHPIHKKYQLAVTKLFGRYMVAIVVASEKIAKDCIRFLKAERAEPETFLALDYLDIKPINERLREIKGCKMMIDVIKTQFPQLKKVIQFVCGNGLVCETVEEARHIAFGGPERRKAVALDGTLFLKSGVISGGSSDLKHKALCWDEKELHNLRDKRSQLVQELKELMKTLRKETDLKQIQTLVQGTNTRLKYSQNELEMIKKKHLATFYREQSQLQSELLNIDSQCTMLSEGINKQQQKIEEFQDKIDEVEDDIFQDFCEEIGVENIREFENKHVKQQQENDQKRLEFEKQKTRLNIQLEYSRNQLKKKLNNIDTLKTTIQKGKEDIDNLKKTEEECLKIVEELMVKQEQIKEVLATQSSNIEKIHIQIEEERKKVLAVDREVGKLQKEVVIIQGSLEQKLLEKHNLLLDCKVQDIDISLVLGSLEDIIEMELTETESTQATADIYEKEASIQIDYSPLREDLKALQSDKEVEAHLTLLLQQVASQENTLLKTTAPNLRAQENLKTVRDKFQESADVFEASRKEARICRQEFEQVKRRRYDAFSQCFEHISVSIDQIYKKLCRNNSAQAFLSPENPEEPYLDGISYNCVAPGKRFMPMDNLSGGEKCVAALALLFAVHSFRPAPFFVLDEVDAALDNTNIGKVSSYIKEQSQEQFQMIIISLKEEFYSKADALIGVYPEHNECMFSHVLTLDLSKYPDTEDQEGSRSHRKPRVPRVSMSPKSPQSR
sp|Q9CZA6|NDE1_MOUSE Nuclear distribution protein nudE homolog 1 OS=Mus musculus OX=10090 GN=Nde1 PE=1 SV=1,MEDSGKTFESEEEETNYWRDLAMTYKQRAENTQEELREFQEGSREYEAELEAQLQQIETRNRDLLSENNRLRMELESVKEKFEMQHSEGYRQISALEDDLAQTKAIKDQLQKYIRELEQANDDLERAKRATIMSLEDFEQRLNQAIERNAFLESELDEKENLLESVQRLKDEARDLRQELAVQQKQDKPRTPMPGSGQAKRTDMAVQATGSVPSTPVAHRGPSSGLNTPGMFRRGLDSSTSGTPLTPAARISALNIVGDLLRKVGALESKLASCRNFMYDQSPSRTSGPASGRGTKNRDGVDRRPGSTSVGDKGSGKRLEFGKPASEPASPALPSAQGVVKLLL
sp|Q9D7P7|CLIC3_MOUSE Chloride intracellular channel protein 3 OS=Mus musculus OX=10090 GN=Clic3 PE=1 SV=2,MAETTKLQLFVKASEDGESVGHCPSCQRLFMVLLLKGVPFTLTTVDTRRALDVLKDFAPGSQLPILLYDGDVKTDTLQIEEFLEETLGPPDFPSLAPRYRESNTAGNDIFHKFSAFIKNPVPTQDNALYQQLLRALTRLDSYLRAPLDHELAQEPHLRESHRRFLDGDQFTLADCSLLPKLHIVDTVCAHFRQLPIPAELSCVRRYLDSALQKKEFKYTCPHSAEILAAYQPAVHPR
sp|Q9EPL0|XYLT2_MOUSE Xylosyltransferase 2 OS=Mus musculus OX=10090 GN=Xylt2 PE=2 SV=3,MVASARVQKLVRRYKLAIATALAILLLQGLVVWSFSGLEEDEPGEKGRQRKPRPLDPGEGSKDTDSSAGRRGSAGRRHGRWRGRAESPGVPVAKVVRAVTSRQRASRRVPPAPPPEAPGRQNLSGAAAGEALIGAPGFPQHGDTGSVEGAPQPTDNTFTPKCEIVGKDALSALARASTKQCQQEIANVVCLHQAGNLMPKSVPRHCQLAGKMSPGVQWEEIRAQQPVGGPPVRIAYMLVVHGRAIRQLKRLLKAVYHEQHFFYIHVDKRSNYLYREVVELAQHYENVRVTPWRMVTIWGGASLLRMYLRSMKDLLEIPGWTWDFFINLSATDYPTRTNEELVAFLSKNRDKNFLKSHGRDNSRFIKKQGLDRLFHECDSHMWRLGERQIPAGIVVDGGSDWFVLTRSFVEYVVYTDDPLVAQLRQFYTYTLLPAESFFHTVLENSPACASLVDNNLRVTNWNRKLGCKCQYKHIVDWCGCSPNDFKPQDFLRLQQVSRPTFFARKFESTVNQEVLEILDFHLYGSYPPSTPALKAYWENIYDVADGPGGLSDVLLTAYTAFARLSLRHAATAVSPLATAVCRFEPRGLPSSVHLYFYDDHFQGYLVTQAVQPSAQGPAETLEMWLMPQRSLKLLGHSDQASRLQSLEVGTEWDPKERLFRNFGGLLGPLDEPVAMQRWARGPNLTATVVWIDPTYVVATSYDITVDADTEVTQYKPPLSLPLRPGAWTVRLLQFWEPLGETRFLVLPLTFNRKLPLRKDDASWLHAGPPHNEYMEQSFQGLSGILNLPQAEALEEAARRHTELTGSALEAWTDGELSNFWSVAGLCAIGPSACPSLELCRLTSWSSLSPDPKSELGPVKADGRLR
sp|Q9EQ32|BCAP_MOUSE Phosphoinositide 3-kinase adapter protein 1 OS=Mus musculus OX=10090 GN=Pik3ap1 PE=1 SV=1,MAASGWGRGCDILIFYSPDAEEWCQYLQDLFVSCRQVRSQKTQTYRLVPDASFSAQDLWVFRDARCVLVLLSAGLVGCFGQPGLLPMLQRACHPPQRVVRLLCGVQPGDEDFQAFFPDWAHWQEMTCDDEPETYLAAVRKAISEDSGCDSVTDTEPEDERELPFSKQTNLPPEISPGNLMVVQPDRIRCGAETTVYIIVRCKLDEKVSTEAEFSPEDSPSIRVEGTLENEYTVSVKAPDLSSGNVSLKVYSGDLVVCETTVSYYTDMEEIGNLLSSAANPVEFMCQAFKIVPYNTETLDKLLTESLKNNIPASGLHLFGINQLEEDDMMTNQRDEELPTLLHFAAKYGLKNLTALLLTCPGALQAYSVANKHGHYPNTIAEKHGFRDLRQFIDEYVETVDMLKTHIKEELMQGEEADDVYESMAHLSTDLLMKCSLNPGCDDELYESMAAFAPAATEDLYVEMLQASAGNPVSGESFSRPTKDSMIRKFLEGNSVKPASWEREQHHPYGEELYHIVDEDETFSVDLANRPPVPVPRPEASAPGPPPPPDNEPYISKVFAEKSQERLGNFYVSSESIRKEPLVRPWRDRPPSSIYDPFAGMKTPGQRQLITLQEQVKLGIVNVDEAVLHFKEWQLNQKKRSESFRFQQENLKRLRESITRRRKEKPKSGKHTDLEITVPIRHSQHLPEKVEFGVYESGPRKSVLPARTELRRGDWKTDSMSSTASSTSNRSSTRSLLSVSSGMEGDNEDNEIPEITRSRGPGPTQVDGAPVVTGTPVGTLERPPRVPPRAASQRPLTRESFHPPPPVPPRGR
sp|Q9ESD7|DYSF_MOUSE Dysferlin OS=Mus musculus OX=10090 GN=Dysf PE=1 SV=3,MLRVFILFAENVHTPDSDISDAYCSAVFAGVKKRTKVIKNSVNPVWNEGFEWDLKGIPLDQSSELLVVVKDHETMGRNRFLGEAKIPLQEVLATPSLSASFNAPLLDAKQQPTGASLVLQVSYTPPPGAVPLFPPPASLAPSPTLPDMDLVPDTGGEEDTEDQGLTGDEAEPFLDQSAAVGPGGPTTPRKPPSHPPPHYPGAKRKRSSAPPRKLLSDKPQDFQIRVQVIEGRQLPGVNIKPVVKVTAAGQTKRTRIQKGNSPLFNETLFFNVFDSPLELFDEPIFITVVDSRSLRTDALLGEFRMDVGTVYREPRHAYLRKWLLLSDPDDFSAGARGYLKASLCVLGPGDEAPLDKKDPSEDKEDIEGNLLRPTGVALRGAHFCLKLFRAEDLPQMDDAVMDNVKQIFGFDSNKKNLVDPFVEVSFAGKMLCSKILEKTANPQWNQNITLPAMFPSMCEKMRIRVMDWDRLTHNDTVATTYLGMSKISATGGEIEEEPAGVLKSPQATDLDDNLGFLPTFGPCYVNLYGSPREFTGFPDPYAELNTGKGEGVAYRGRVLLSLETKLVEHSEQKVEDLPADDILRVEKYLRRRKYSLFAAFYSATMLQDVDDAIQFEVSIGNYGNKFDTTCLPLASTTQYSRAVFDGGSLPLPVGCHYYYLPWGNVKPVVVLSSYWEDISHRIEIQNQLLRVADRLEANLEQVHLALKAQCSSEDVDALVAQLTDELLADCSQPLCDIHEIPSATHLDQYLLRLRTRHLSQIKEAALALKLGHSELSTALEQAEDWLLHLRALAEEPQNSLPDIIIWMLQGDKRVAYQRVPAHEVLFSRRGPSYCGRNCGKLQTIFLKYPMEGMPGARMPVQIRIKLWFGLSVDEKEFNQFAEGKLSVFAETYENQTKLALVGNWGTTGLTYPKFSDVTGKIKLPKDSFRPSAGWAWAGDWFVCPEKTLLHDADAGHLSFVEEVFENQTRLPGGQWIYMSDNYTDVNGEKVLPKDDIECPLGWKWEDEEWSTDLNRAVDEQGWEYSITIPPDRKPKHWVPVEKMYYTHRRRRWVRLRRRDLSQMEALKRHRQAEAEGEGWEYASLFGWKFHLEYRKTDAFRRRRWRRRMEPLEKTGPAAVFALEGALGGMVDDKSEDSMSVSTLSFGVNRPTISCIFDYGNRYHLRCYLYQARDLPAMDKDSFSDPYAIVSFLHQSQKTVVEKNTLNPTWDQTLIFYEIEIFGEPASIAEHPPCIVVELYDHDTYGADEFMGRCICQPSLERMPRLAWFPLTRGSQPAGELLAAFELIQREKPAIHHIPGFEMHETSRILDETEDTDLPYPPPQREANIYMVPQNIKPALQRTAIEILAWGLRNMKSYQMASISSPSLVVECGGQTVQSCVIRNLRKNPNFDVCTLFMEVMLPREDLYCPPIVVKVIDNRQFGRRPVVGQCTIRSLENFLCDPYSAESPSPQGGPDDVSLLSPGEDVLIDIDDKEPLIPVQEEEFIDWWSKFFASVGEREKCGSYLEKDFDTLKVYDTQLENVEAFGGLSDFCNTFKLYRGRTQEETDDPSVIGEFKGLFKIYPLPEDPAIPMPPRQFHQLAAQGPQECLVRIYIVRAFGLQPKDPNGKCDPYIKISIGKKSVSDQDNYIPCTLEPVFGKMFELTCTLPLEKDLKITLYDYDLLSKDEKIGETVIDLENRLLSKFGARCGLPQTYCVSGPNQWRDQLRPSQLLHLFCQQHRIKAPVYRTDRVTFQDKDYTIEEIEAGRLPNPHLGPVEERLALHVLQQQGLVPEHVESRPLYSPLQPDIEQGKLQMWIDIFPKVLGRPGPPFNITPRKARRFFLRCIIWNTKDVILDDLSLTGEKMSDIYVKGWMVGFEEHKQKTDVHYRSLGGEGNFNWRFVFPFDYLPAEQVCAVAKKDAFWRLDKTESKIPARVVFQIWDNDKFSFDDFLGSLQLDLNRMPKPAKTAEKCSLDQLDDTFHPEWFVSLFEQKTVKGWWPCVTEEGEKKMLAGKLEMTLEIVAESEHEERPAGQGRDEPNMNPKLEDPRRPDTSFLWFTSPYKTMKFILWRRFRCAIILFIILFILLLFLGVFVYAFPNYAAMKLVKPFR
sp|Q9JLJ4|ELOV2_MOUSE Elongation of very long chain fatty acids protein 2 OS=Mus musculus OX=10090 GN=Elovl2 PE=1 SV=1,MEQLKAFDNEVNAFLDNMFGPRDSRVRGWFLLDSYLPTFILTITYLLSIWLGNKYMKNRPALSLRGILTLYNLAITLLSAYMLVELILSSWEGGYNLQCQNLDSAGEGDVRVAKVLWWYYFSKLVEFLDTIFFVLRKKTNQITFLHVYHHASMFNIWWCVLNWIPCGQSFFGPTLNSFIHILMYSYYGLSVFPSMHKYLWWKKYLTQAQLVQFVLTITHTLSAVVKPCGFPFGCLIFQSSYMMTLVILFLNFYIQTYRKKPVKKELQEKEVKNGFPKAHLIVANGMTDKKAQ
sp|Q9QXW9|LAT2_MOUSE Large neutral amino acids transporter small subunit 2 OS=Mus musculus OX=10090 GN=Slc7a8 PE=1 SV=1,MEKGARQRNNTAKNHPGSDTSPEAEASSGGGGVALKKEIGLVSACGIIVGNIIGSGIFVSPKGVLENAGSVGLALIVWIVTGIITAVGALCYAELGVTIPKSGGDYSYVKDIFGGLAGFLRLWIAVLVIYPTNQAVIALTFSNYVLQPLFPTCFPPESGLRLLAAICLLLLTWVNCSSVRWATRVQDIFTAGKLLALALIIIMGIVQICKGEFFWLEPKNAFENFQEPDIGLVALAFLQGSFAYGGWNFLNYVTEELVDPYKNLPRAIFISIPLVTFVYVFANIAYVTAMSPQELLASNAVAVTFGEKLLGVMAWIMPISVALSTFGGVNGSLFTSSRLFFAGAREGHLPSVLAMIHVKRCTPIPALLFTCLSTLLMLVTSDMYTLINYVGFINYLFYGVTVAGQIVLRWKKPDIPRPIKVSLLFPIIYLLFWAFLLIFSLWSEPVVCGIGLAIMLTGVPVYFLGVYWQHKPKCFNDFIKSLTLVSQKMCVVVYPQEGNSGAEETTDDLEEQHKPIFKPTPVKDPDSEEQP
sp|Q9R0Y1|ASIC5_MOUSE Acid-sensing ion channel 5 OS=Mus musculus OX=10090 GN=Asic5 PE=2 SV=1,MEHTEKSQVHAEKGLLGKIKRYLSKRPLPSPTDRKKFDQDFAMSTSFHGIHNIAQNQNKVRKVIWLAVVLGSVSLLVWQIYSRLVNYFTWPTTTSIEVQYVEKIEFPAVTLCNLNRFQTEAVSRFGIIFFLWDIVSKVLRLQEISANNTGSPETLDFVTNHQNFSITEFVKNNGFYLNNDTLVHCEFFGKTCSPKDFKHVFTEYGNCFTFNYGENIQNKNKVSVSGRGLKLLLDVHQEEFTDNPVPGFADAGVIFVIHSPKKEPQFDGLGLSSPVGMHARVTIRQLKTVHQEYPWGECNPNIKLRNFITYSTYGCLKECKARHIQRLCGCLPFLLPGNGVECDLLEYYNCVSPILDHIERKGLCTMGTHNSSCPVSCEETEYPATVSYSTFPSQRATRFLAKKLNQSQEYIRENLVNIEINYSDLNYKITQQQKAVSVPELLADVGGQLGLFCGASLITIIEIIEYFFTNFYWVLIFFLLKILETIQRTSPPQAV
sp|Q9WV06|ANKR2_MOUSE Ankyrin repeat domain-containing protein 2 OS=Mus musculus OX=10090 GN=Ankrd2 PE=1 SV=3,MEGPEAVQRATELIEQRLAQEEETEKLRRSAPGKLSMDMLVLEEEKRLGVQSPALQKVKGQERVRKTSLDLRREIIDVGGIQNLIELRKKRKQKKRDALAAAQEPPPEPEEITGPVNEETFLKAAVEGKMKVIDKYLADGGSADTCDEFRRTALHRASLEGHMEILEKLLENGATVDFQDRLDCTAMHWACRGGHLEVVRLLQSRGADTNVRDKLLSTPLHVAVRTGHVEIVEHFLSLGLDINAKDREGDSALHDAVRLNRYKIIKLLLLHGADMMAKNLAGKTPTDLVQLWQADTRHALEHPEPESEQNGLERPGSGRETPQPIPAQ
sp|Q9Z0F3|B2L10_MOUSE Bcl-2-like protein 10 OS=Mus musculus OX=10090 GN=Bcl2l10 PE=1 SV=1,MADSQDPLHERTRRLLSDYIFFCAREPDTPEPPPTSVEAALLRSVTRQIQQEHQEFFSSFCESRGNRLELVKQMADKLLSKDQDFSWSQLVMLLAFAGTLMNQGPYMAVKQKRDLGNRVIVTRDCCLIVNFLYNLLMGRRHRARLEALGGWDGFCRFFKNPLPLGFWRRLLIQAFLSGFFATAIFFIWKRL
sp|Q9Z2E2|MBD1_MOUSE Methyl-CpG-binding domain protein 1 OS=Mus musculus OX=10090 GN=Mbd1 PE=1 SV=2,MAESWQDCPALGPGWKRRESFRKSGASFGRSDIYYQSPTGEKIRSKVELTRYLGPACDLTLFDFRQGTLCHPIPKTHPLAVPSKKKKKPSKPAKTKKQQVGLQRSEVRIETPQGEYKAPTATALASLSVSASASSSASASASASSHAPVCCENCGIHFSWDGVKRQRLKTLCKDCRAQRIAFNREQRMFKRVGCGDCAACLVKEDCGVCSTCRLQLPSDVASGLYCKCERRRCLRIMEKSRGCGVCRGCQTQEDCGHCCICLRSPRPGLKRQWRCLQRRCFWGKRDSSKRGSKVASQRHSQAPPLPPHPASQYTEPTELHISDIAPTSPAEFIYYCVDEDEDELQPYTNQRQNRKCGACAACLRRMDCGRCDFCCDKPKFGGGNQKRQKCRWRQCLQFAMKRLLPSAGSGSGEGAGLRPYQTHQTHQKRPASARQLQLSSPLKAPWAVVTAPPGPVRDSRKQQAGRGSVLPQPDTDFVFLQEGTSSAMQMPGTAAASTEVPVQAAQCSAPSWVVALPQVKQETADAPEEWTAVTTFLTSSTLQSGFPSKAADPDLSPVKQEPPGPEEDGEEKKDDVSETTPAEEIGGVGTPVITEIFSLGGTRLRDAEAWLPRLHKLLAVNEKEYFTELQLKEEVL
sp|P00724|INV2_YEAST Invertase 2 OS=Saccharomyces cerevisiae (strain ATCC 204508 / S288c) OX=559292 GN=SUC2 PE=1 SV=1,MLLQAFLFLLAGFAAKISASMTNETSDRPLVHFTPNKGWMNDPNGLWYDEKDAKWHLYFQYNPNDTVWGTPLFWGHATSDDLTNWEDQPIAIAPKRNDSGAFSGSMVVDYNNTSGFFNDTIDPRQRCVAIWTYNTPESEEQYISYSLDGGYTFTEYQKNPVLAANSTQFRDPKVFWYEPSQKWIMTAAKSQDYKIEIYSSDDLKSWKLESAFANEGFLGYQYECPGLIEVPTEQDPSKSYWVMFISINPGAPAGGSFNQYFVGSFNGTHFEAFDNQSRVVDFGKDYYALQTFFNTDPTYGSALGIAWASNWEYSAFVPTNPWRSSMSLVRKFSLNTEYQANPETELINLKAEPILNISNAGPWSRFATNTTLTKANSYNVDLSNSTGTLEFELVYAVNTTQTISKSVFADLSLWFKGLEDPEEYLRMGFEVSASSFFLDRGNSKVKFVKENPYFTNRMSVNNQPFKSENDLSYYKVYGLLDQNILELYFNDGDVVSTNTYFMTTGNALGSVNMTTGVDNLFYIDKFQVREVK
sp|P06103|EIF3B_YEAST Eukaryotic translation initiation factor 3 subunit B OS=Saccharomyces cerevisiae (strain ATCC 204508 / S288c) OX=559292 GN=PRT1 PE=1 SV=1,MKNFLPRTLKNIYELYFNNISVHSIVSRNTQLKRSKIIQMTTETFEDIKLEDIPVDDIDFSDLEEQYKVTEEFNFDQYIVVNGAPVIPSAKVPVLKKALTSLFSKAGKVVNMEFPIDEATGKTKGFLFVECGSMNDAKKIIKSFHGKRLDLKHRLFLYTMKDVERYNSDDFDTEFREPDMPTFVPSSSLKSWLMDDKVRDQFVLQDDVKTSVFWNSMFNEEDSLVESRENWSTNYVRFSPKGTYLFSYHQQGVTAWGGPNFDRLRRFYHPDVRNSSVSPNEKYLVTFSTEPIIVEEDNEFSPFTKKNEGHQLCIWDIASGLLMATFPVIKSPYLKWPLVRWSYNDKYCARMVGDSLIVHDATKNFMPLEAKALKPSGIRDFSFAPEGVKLQPFRNGDEPSVLLAYWTPETNNSACTATIAEVPRGRVLKTVNLVQVSNVTLHWQNQAEFLCFNVERHTKSGKTQFSNLQICRLTERDIPVEKVELKDSVFEFGWEPHGNRFVTISVHEVADMNYAIPANTIRFYAPETKEKTDVIKRWSLVKEIPKTFANTVSWSPAGRFVVVGALVGPNMRRSDLQFYDMDYPGEKNINDNNDVSASLKDVAHPTYSAATNITWDPSGRYVTAWSSSLKHKVEHGYKIFNIAGNLVKEDIIAGFKNFAWRPRPASILSNAERKKVRKNLREWSAQFEEQDAMEADTAMRDLILHQRELLKQWTEYREKIGQEMEKSMNFKIFDVQPEDASDDFTTIEEIVEEVLEETKEKVE
sp|P11655|SEC12_YEAST Guanine nucleotide-exchange factor SEC12 OS=Saccharomyces cerevisiae (strain ATCC 204508 / S288c) OX=559292 GN=SEC12 PE=1 SV=1,MKFVTASYNVGYPAYGAKFLNNDTLLVAGGGGEGNNGIPNKLTVLRVDPTKDTEKEQFHILSEFALEDNDDSPTAIDASKGIILVGCNENSTKITQGKGNKHLRKFKYDKVNDQLEFLTSVDFDASTNADDYTKLVYISREGTVAAIASSKVPAIMRIIDPSDLTEKFEIETRGEVKDLHFSTDGKVVAYITGSSLEVISTVTGSCIARKTDFDKNWSLSKINFIADDTVLIAASLKKGKGIVLTKISIKSGNTSVLRSKQVTNRFKGITSMDVDMKGELAVLASNDNSIALVKLKDLSMSKIFKQAHSFAITEVTISPDSTYVASVSAANTIHIIKLPLNYANYTSMKQKISKFFTNFILIVLLSYILQFSYKHNLHSMLFNYAKDNFLTKRDTISSPYVVDEDLHQTTLFGNHGTKTSVPSVDSIKVHGVHETSSVNGTEVLCTESNIINTGGAEFEITNATFREIDDA
sp|P11709|BIK1_YEAST Nuclear fusion protein BIK1 OS=Saccharomyces cerevisiae (strain ATCC 204508 / S288c) OX=559292 GN=BIK1 PE=1 SV=1,MDRYQRKIGCFIQIPNLGRGQLKYVGPVDTKAGMFAGVDLLANIGKNDGSFMGKKYFQTEYPQSGLFIQLQKVASLIEKASISQTSRRTTMEPLSIPKNRSIVRLTNQFSPMDDPKSPTPMRSFRITSRHSGNQQSMDQEASDHHQQQEFGYDNREDRMEVDSILSSDRKANHNTTSDWKPDNGHMNDLNSSEVTIELREAQLTIEKLQRKQLHYKRLLDDQRMVLEEVQPTFDRYEATIQEREKEIDHLKQQLELERRQQAKQKQFFDAENEQLLAVVSQLHEEIKENEERNLSHNQPTGANEDVELLKKQLEQLRNIEDQFELHKTKWAKEREQLKMHNDSLSKEYQNLSKELFLTKPQDSSSEEVASLTKKLEEANEKIKQLEQAQAQTAVESLPIFDPPAPVDTTAGRQQWCEHCDTMGHNTAECPHHNPDNQQFF
sp|P15380|PUT4_YEAST Proline-specific permease OS=Saccharomyces cerevisiae (strain ATCC 204508 / S288c) OX=559292 GN=PUT4 PE=2 SV=2,MVNILPFHKNNRHSAGVVTCADDVSGDGSGGDTKKEEDVVQVTESPSSGSRNNHRSDNEKDDAIRMEKISKNQSASSNGTIREDLIMDVDLEKSPSVDGDSEPHKLKQGLQSRHVQLIALGGAIGTGLLVGTSSTLHTCGPAGLFISYIIISAVIYPIMCALGEMVCFLPGDGSDSAGSTANLVTRYVDPSLGFATGWNYFYCYVILVAAECTAASGVVEYWTTAVPKGVWITIFLCVVVILNFSAVKVYGESEFWFASIKILCIVGLIILSFILFWGGGPNHDRLGFRYWQHPGAFAHHLTGGSLGNFTDIYTGIIKGAFAFILGPELVCMTSAECADQRRNIAKASRRFVWRLIFFYVLGTLAISVIVPYNDPTLVNALAQGKPGAGSSPFVIGIQNAGIKVLPHIINGCILTSAWSAANAFMFASTRSLLTMAQTGQAPKCLGRINKWGVPYVAVGVSFLCSCLAYLNVSSSTADVFNWFSNISTISGFLGWMCGCIAYLRFRKAIFYNGLYDRLPFKTWGQPYTVWFSLIVIGIITITNGYAIFIPKYWRVADFIAAYITLPIFLVLWFGHKLYTRTWRQWWLPVSEIDVTTGLVEIEEKSREIEEMRLPPTGFKDKFLDALL
sp|P19807|HNM1_YEAST Choline transport protein OS=Saccharomyces cerevisiae (strain ATCC 204508 / S288c) OX=559292 GN=HNM1 PE=1 SV=1,MSIRNDNASGGYMQPDQSSNASMHKRDLRVEEEIKPLDDMDSKGAVAADGEVHLRKSFSLWSILGVGFGLTNSWFGISTSMVAGISSGGPMMIVYGIIIVALISICIGTSLGELSSAYPHAGGQFWWSLKLAPPKYKRFAAYMCGSFAYAGSVFTSASTTLSVATEVVGMYALTHPEFIPKRWHIFVCFELLHLFLMFFNCYGKSLPIISSSSLYISLLSFFTITITVLACSHGKFNDAKFVFATFNNETGWKNGGIAFIVGLINPAWSFSCLDCATHMAFEVEKPERVIPIAIMGTVAIGFVTSFCYVIAMFFSIQDLDAVLSSTTGAPILDIYNQALGNKSGAIFLGCLILFTSFGCVIACHTWQARLCWSFARDNGLPLSRLWSQVNPHTGVPLNAHLMSCAWITLIGLLYLASSTAFQSLITGCIAFLLLSYIIPVICLLAKKRNIAHGPFWLGKFGFFSNIVLLGWTVFSVVFFSFPPVLPVTKDNMNYVCVVIVGYTAYSILYWKYKGKKEFHALEESENEQAEYSNNFDTIEDSREFSVAASDVELENEHVPWGKK
sp|P23585|HXT2_YEAST High-affinity glucose transporter HXT2 OS=Saccharomyces cerevisiae (strain ATCC 204508 / S288c) OX=559292 GN=HXT2 PE=1 SV=1,MSEFATSRVESGSQQTSIHSTPIVQKLETDESPIQTKSEYTNAELPAKPIAAYWTVICLCLMIAFGGFVFGWDTGTISGFVNQTDFKRRFGQMKSDGTYYLSDVRTGLIVGIFNIGCAFGGLTLGRLGDMYGRRIGLMCVVLVYIVGIVIQIASSDKWYQYFIGRIISGMGVGGIAVLSPTLISETAPKHIRGTCVSFYQLMITLGIFLGYCTNYGTKDYSNSVQWRVPLGLNFAFAIFMIAGMLMVPESPRFLVEKGRYEDAKRSLAKSNKVTIEDPSIVAEMDTIMANVETERLAGNASWGELFSNKGAILPRVIMGIMIQSLQQLTGNNYFFYYGTTIFNAVGMKDSFQTSIVLGIVNFASTFVALYTVDKFGRRKCLLGGSASMAICFVIFSTVGVTSLYPNGKDQPSSKAAGNVMIVFTCLFIFFFAISWAPIAYVIVAESYPLRVKNRAMAIAVGANWIWGFLIGFFTPFITSAIGFSYGYVFMGCLVFSFFYVFFFVCETKGLTLEEVNEMYVEGVKPWKSGSWISKEKRVSEE
sp|P25043|PSB2_YEAST Proteasome subunit beta type-2 OS=Saccharomyces cerevisiae (strain ATCC 204508 / S288c) OX=559292 GN=PUP1 PE=1 SV=1,MAGLSFDNYQRNNFLAENSHTQPKATSTGTTIVGVKFNNGVVIAADTRSTQGPIVADKNCAKLHRISPKIWCAGAGTAADTEAVTQLIGSNIELHSLYTSREPRVVSALQMLKQHLFKYQGHIGAYLIVAGVDPTGSHLFSIHAHGSTDVGYYLSLGSGSLAAMAVLESHWKQDLTKEEAIKLASDAIQAGIWNDLGSGSNVDVCVMEIGKDAEYLRNYLTPNVREEKQKSYKFPRGTTAVLKESIVNICDIQEEQVDITA
sp|P25046|MED19_YEAST Mediator of RNA polymerase II transcription subunit 19 OS=Saccharomyces cerevisiae (strain ATCC 204508 / S288c) OX=559292 GN=ROX3 PE=1 SV=3,MASRVDETTVPSYYYYVDPETTYTYQQPNPLQDLISVYGLDDISRQVARTNLDGTKAVKLRKSYKNQIADLSGKFSTIPTRENGKGGQIAHILFQNNPDMMIQPPQQGQNMSEQQWREQLRNRDIALFQPPNFDWDLCSSVLSQFERSYPSEFANQNQGGAQAPFDIDDLAFDLDGTGKSQSGSNSGNNSKKRKNKSSGSSMATPTHSDSHEDMKRRRLE
sp|P25336|MSH3_YEAST DNA mismatch repair protein MSH3 OS=Saccharomyces cerevisiae (strain ATCC 204508 / S288c) OX=559292 GN=MSH3 PE=1 SV=2,MAGQPTISRFFKKAVKSELTHKQEQEVAVGNGAGSESICLDTDEEDNLSSVASTTVTNDSFPLKGSVSSKNSKNSEKTSGTSTTFNDIDFAKKLDRIMKRRSDENVEAEDDEEEGEEDFVKKKARKSPTAKLTPLDKQVKDLKMHHRDKVLVIRVGYKYKCFAEDAVTVSRILHIKLVPGKLTIDESNPQDCNHRQFAYCSFPDVRLNVHLERLVHHNLKVAVVEQAETSAIKKHDPGASKSSVFERKISNVFTKATFGVNSTFVLRGKRILGDTNSIWALSRDVHQGKVAKYSLISVNLNNGEVVYDEFEEPNLADEKLQIRIKYLQPIEVLVNTDDLPLHVAKFFKDISCPLIHKQEYDLEDHVVQAIKVMNEKIQLSPSLIRLVSKLYSHMVEYNNEQVMLIPSIYSPFASKIHMLLDPNSLQSLDIFTHDGGKGSLFWLLDHTRTSFGLRMLREWILKPLVDVHQIEERLDAIECITSEINNSIFFESLNQMLNHTPDLLRTLNRIMYGTTSRKEVYFYLKQITSFVDHFKMHQSYLSEHFKSSDGRIGKQSPLLFRLFSELNELLSTTQLPHFLTMINVSAVMEKNSDKQVMDFFNLNNYDCSEGIIKIQRESESVRSQLKEELAEIRKYLKRPYLNFRDEVDYLIEVKNSQIKDLPDDWIKVNNTKMVSRFTTPRTQKLTQKLEYYKDLLIRESELQYKEFLNKITAEYTELRKITLNLAQYDCILSLAATSCNVNYVRPTFVNGQQAIIAKNARNPIIESLDVHYVPNDIMMSPENGKINIITGPNMGGKSSYIRQVALLTIMAQIGSFVPAEEIRLSIFENVLTRIGAHDDIINGDSTFKVEMLDILHILKNCNKRSLLLLDEVGRGTGTHDGIAISYALIKYFSELSDCPLILFTTHFPMLGEIKSPLIRNYHMDYVEEQKTGEDWMSVIFLYKLKKGLTYNSYGMNVAKLARLDKDIINRAFSISEELRKESINEDALKLFSSLKRILKSDNITATDKLAKLLSLDIH
sp|P25582|SPB1_YEAST 27S pre-rRNA (guanosine(2922)-2'-O)-methyltransferase OS=Saccharomyces cerevisiae (strain ATCC 204508 / S288c) OX=559292 GN=SPB1 PE=1 SV=2,MGKTQKKNSKGRLDRYYYLAKEKGYRARSSFKIIQINEKYGHFLEKSKVVIDLCAAPGSWCQVASKLCPVNSLIIGVDIVPMKPMPNVITFQSDITTEDCRSKLRGYMKTWKADTVLHDGAPNVGLGWVQDAFTQSQLTLQALKLAVENLVVNGTFVTKIFRSKDYNKLIWVFQQLFEKVEATKPPASRNVSAEIFVVCKGFKAPKRLDPRLLDPKEVFEELPDGQQNMESKIYNPEKKVRKRQGYEEGDNLLYHETSILDFVRTEDPISMLGEMNKFTIDENDHEWKILKKLKQTTDEFRSCIEDLKVLGKKDFKMILRWRKIAREILGIEVKDDAKTEIEVVPLTEEEQIEKDLQGLQEKQRLNVKRERRRKNEMKQKELQRMQMNMITPTDIGIEAASLGKESLFNLKTAEKTGILNDLAKGKKRMIFTDDELAKDNDIYIDENIMIKDKDSAADADDLESELNAMYSDYKTRRSERDAKFRAKQARGGDNEEEWTGFNEGSLEKKEEEGKDYIEDNDDEGVEGDSDDDEAITNLISKLKGQEGDHKLSSKARMIFNDPIFNNVEPDLPVNTVNDGIMSSESVGDISKLNKKRKHEEMHQKQDEADSSDESSSDDSDFEIVANDNASEEFDSDYDSEEEKNQTKKEKHSRDIDIATVEAMTLAHQLALGQKNKHDLVDEGFNRYTFRDTENLPDWFLEDEKEHSKINKPITKEAAMAIKEKIKAMNARPIKKVAEAKARKRMRAVARLEKIKKKAGLINDDSDKTEKDKAEEISRLMRKVTKKPKTKPKVTLVVASGRNKGLAGRPKGVKGKYKMVDGVMKNEQRALRRIAKKHHKKK
sp|P31381|FUN26_YEAST Nucleoside transporter FUN26 OS=Saccharomyces cerevisiae (strain ATCC 204508 / S288c) OX=559292 GN=FUN26 PE=1 SV=1,MSTSADTDTIKKPILAVPEPALADTHSEEISRSGEEHESENNEHSDEEGDNYSEREQSVSTEPLDTLPLRKKLKNLSYITFFAIGIGLLWPWNCILSASQYFKHDIFKDTSIWAKIFTSSMMSFSTISSMLFNIYLAKRQYKYSRRVINGLVWEIIVFTVMCFFTILHFLLPKWFNFMFIMMLVVISSMGTAMTQNGIMAIANVFGSEYSQGVMVGQAVAGVLPSLVLFALAFIENSSVSTTGGILLYFFTTTLVVTICVVMFSVSKISRKVNENWNVEDGHITDVLLGSLRSNEEEIRIVGRIDQMEDEDHRRTNGTRDDNDEGEELQLKVPFEVLFAKLKYLVLSIFTTFVVTLVFPVFASATYVTGLPLSNAQYIPLIFTLWNLGDLYGRVIADWPMFRDQKFTPRKTFIYSLLRVAAIPLFLMFTAITSSSSGDEEHNGSVIVDLCYMLLQFLFGVTNGHVISMSFMKVPEQLDNDDEKEAAGGFTNIFVSTGLALGSIISYVFVFIIDFIIR
"sp|P31755|OCH1_YEAST Initiation-specific alpha-1,6-mannosyltransferase OS=Saccharomyces cerevisiae (strain ATCC 204508 / S288c) OX=559292 GN=OCH1 PE=1 SV=1",MSRKLSHLIATRKSKTIVVTVLLIYSLLTFHLSNKRLLSQFYPSKDDFKQTLLPTTSHSQDINLKKQITVNKKKNQLHNLRDQLSFAFPYDSQAPIPQRVWQTWKVGADDKNFPSSFRTYQKTWSGSYSPDYQYSLISDDSIIPFLENLYAPVPIVIQAFKLMPGNILKADFLRYLLLFARGGIYSDMDTMLLKPIDSWPSQNKSWLNNIIDLNKPIPYKNSKPSLLSSDEISHQPGLVIGIEADPDRDDWSEWYARRIQFCQWTIQAKPGHPILRELILNITATTLASVQNPGVPVSEMIDPRFEEDYNVNYRHKRRHDETYKHSELKNNKNVDGSDIMNWTGPGIFSDIIFEYMNNVLRYNSDILLINPNLNKNDEEGSESATTPAKDVDNDTLSKSTRKFYKKISESLQSSNSMPWEFFSFLKEPVIVDDVMVLPITSFSPDVGQMGAQSSDDKMAFVKHMFSGSWKEDADKNAGHK
sp|P32332|OAC1_YEAST Mitochondrial oxaloacetate transport protein OS=Saccharomyces cerevisiae (strain ATCC 204508 / S288c) OX=559292 GN=OAC1 PE=1 SV=1,MSSDNSKQDKQIEKTAAQKISKFGSFVAGGLAACIAVTVTNPIELIKIRMQLQGEMSASAAKVYKNPIQGMAVIFKNEGIKGLQKGLNAAYIYQIGLNGSRLGFYEPIRSSLNQLFFPDQEPHKVQSVGVNVFSGAASGIIGAVIGSPLFLVKTRLQSYSEFIKIGEQTHYTGVWNGLVTIFKTEGVKGLFRGIDAAILRTGAGSSVQLPIYNTAKNILVKNDLMKDGPALHLTASTISGLGVAVVMNPWDVILTRIYNQKGDLYKGPIDCLVKTVRIEGVTALYKGFAAQVFRIAPHTIMCLTFMEQTMKLVYSIESRVLGHN
sp|P32368|SAC1_YEAST Phosphatidylinositol-3-phosphatase SAC1 OS=Saccharomyces cerevisiae (strain ATCC 204508 / S288c) OX=559292 GN=SAC1 PE=1 SV=1,MTGPIVYVQNADGIFFKLAEGKGTNDAVIHLANQDQGVRVLGAEEFPVQGEVVKIASLMGFIKLKLNRYAIIANTVEETGRFNGHVFYRVLQHSIVSTKFNSRIDSEEAEYIKLLELHLKNSTFYFSYTYDLTNSLQRNEKVGPAASWKTADERFFWNHYLTEDLRNFAHQDPRIDSFIQPVIYGYAKTVDAVLNATPIVLGLITRRSIFRAGTRYFRRGVDKDGNVGNFNETEQILLAENPESEKIHVFSFLQTRGSVPIYWAEINNLKYKPNLVLGENSLDATKKHFDQQKELYGDNYLVNLVNQKGHELPVKEGYESVVHALNDPKIHYVYFDFHHECRKMQWHRVKLLIDHLEKLGLSNEDFFHKVIDSNGNTVEIVNEQHSVVRTNCMDCLDRTNVVQSVLAQWVLQKEFESADVVATGSTWEDNAPLLTSYQNLWADNADAVSVAYSGTGALKTDFTRTGKRTRLGAFNDFLNSASRYYQNNWTDGPRQDSYDLFLGGFRPHTASIKSPFPDRRPVYIQLIPMIICAALTVLGATIFFPKDRFTSSKNLLYFAGASIVLALSTKFMFKNGIQFVNWPKLVDVGFLVVHQTHDKEQQFKGLKYAQSPKFSKPDPLKRD
sp|P32585|MED18_YEAST Mediator of RNA polymerase II transcription subunit 18 OS=Saccharomyces cerevisiae (strain ATCC 204508 / S288c) OX=559292 GN=SRB5 PE=1 SV=1,MVQQLSLFGSIGDDGYDLLISTLTTISGNPPLLYNSLCTVWKPNPSYDVENVNSRNQLVEPNRIKLSKEVPFSYLIDETMMDKPLNFRILKSFTNDKIPLNYAMTRNILHNTVPQVTNFNSTNEDQNNSKHTEDTVNESRNSDDIIDVDMDASPAPSNESCSPWSLQISDIPAAGNNRSVSMQTIAETIILSSAGKNSSVSSLMNGLGYVFEFQYLTIGVKFFMKHGLILELQKIWQIEEAGNSQITSGGFLLKAYINVSRGTDIDRINYTETALMNLKKELQGYIELSVPDRQSMDSRVAHGNILI
sp|P32623|CRH2_YEAST Probable glycosidase CRH2 OS=Saccharomyces cerevisiae (strain ATCC 204508 / S288c) OX=559292 GN=UTR2 PE=1 SV=3,MAIVNSWLICLVSIFSFVVRVEAATFCNATQACPEDKPCCSQYGECGTGQYCLNNCDVRYSFSHDSCMPVPICKSSSTKFKDYSSKLGNANTFLGNVSEADWLYTGDVLDYDDEESLILAMPKNSGGTVLSSTRAVWYGKVSARIKTSHLAGVVTGFILYSGAGDELDYEFVGADLETAQTNFYWESVLNYTNSANISTTDTFENYHTYELDWHEDYVTWSIDGVVGRTLYKNETYNATTQKYQYPQTPSKVDISIWPGGNSTNAPGTIAWSGGEINWDASDISNPGYYYAIVNEVNITCYDPPSDTKKNGTSAYVYTSSSEFLAKDIAITDDEVMMDSDEGSGLDPHKGATTSSTQKSSSSTATSSSKTSSDHSSSTKKSSKTSSTASSSSSSSSSSSSSSSTATKNGDKVVSSVSSSVTSQTQTTSSVSGSASSSTSSMSGNNAGANVAANWRLTVLCVILGYVL
sp|P32629|ANP1_YEAST Mannan polymerase II complex ANP1 subunit OS=Saccharomyces cerevisiae (strain ATCC 204508 / S288c) OX=559292 GN=ANP1 PE=1 SV=3,MKYNNRKLSFNPTTVSIAGTLLTVFFLTRLVLSFFSISLFQLVTFQGIFKPYVPDFKNTPSVEFYDLRNYQGNKDGWQQGDRILFCVPLRDASEHLPMFFNHLNTMTYPHNLIDLSFLVSDSSDNTMGVLLSNLQMAQSQQDKSKRFGNIEIYEKDFGQIIGQSFSDRHGFGAQGPRRKLMARARNWLGSVALKPYHSWVYWRDVDVETIPTTIMEDLMHHDKDVIVPNVWRPLPDWLGNIQPYDLNSWKESEGGLQLADSLDEDAVIVEGYPEYATWRPHLAYMRDPNGNPEDEMELDGIGGVSILAKAKVFRTGSHFPAFSFEKHAETEAFGRLSRRMNYNVIGLPHYVIWHIYEPSSDDLKHMAWMAEEEKRKLEEERIREFYNKIWEIGFEDVRDQWNEERDSILKNIDSTLNNKVTVDWSEEGDGSELVDSKGDFVSPNNQQQQQQQQQQQQQQQQQQQQQQLDGNPQGKPLDDNDKNKKKHPKEVPLDFDPDRN
sp|P32901|PTR2_YEAST Peptide transporter PTR2 OS=Saccharomyces cerevisiae (strain ATCC 204508 / S288c) OX=559292 GN=PTR2 PE=1 SV=2,MLNHPSQGSDDAQDEKQGDFPVIEEEKTQAVTLKDSYVSDDVANSTERYNLSPSPEDEDFEGPTEEEMQTLRHVGGKIPMRCWLIAIVELSERFSYYGLSAPFQNYMEYGPNDSPKGVLSLNSQGATGLSYFFQFWCYVTPVFGGYVADTFWGKYNTICCGTAIYIAGIFILFITSIPSVGNRDSAIGGFIAAIILIGIATGMIKANLSVLIADQLPKRKPSIKVLKSGERVIVDSNITLQNVFMFFYFMINVGSLSLMATTELEYHKGFWAAYLLPFCFFWIAVVTLIFGKKQYIQRPIGDKVIAKSFKVCWILTKNKFDFNAAKPSVHPEKNYPWNDKFVDEIKRALAACKVFIFYPIYWTQYGTMISSFITQASMMELHGIPNDFLQAFDSIALIIFIPIFEKFVYPFIRRYTPLKPITKIFFGFMFGSFAMTWAAVLQSFVYKAGPWYNEPLGHNTPNHVHVCWQIPAYVLISFSEIFASITGLEYAYSKAPASMKSFIMSIFLLTNAFGSAIGCALSPVTVDPKFTWLFTGLAVACFISGCLFWLCFRKYNDTEEEMNAMDYEEEDEFDLNPISAPKANDIEILEPMESLRSTTKY
sp|P33334|PRP8_YEAST Pre-mRNA-splicing factor 8 OS=Saccharomyces cerevisiae (strain ATCC 204508 / S288c) OX=559292 GN=PRP8 PE=1 SV=1,MSGLPPPPPGFEEDSDLALPPPPPPPPGYEIEELDNPMVPSSVNEDTFLPPPPPPPSNFEINAEEIVDFTLPPPPPPPGLDELETKAEKKVELHGKRKLDIGKDTFVTRKSRKRAKKMTKKAKRSNLYTPKAEMPPEHLRKIINTHSDMASKMYNTDKKAFLGALKYLPHAILKLLENMPHPWEQAKEVKVLYHTSGAITFVNETPRVIEPVYTAQWSATWIAMRREKRDRTHFKRMRFPPFDDDEPPLSYEQHIENIEPLDPINLPLDSQDDEYVKDWLYDSRPLEEDSKKVNGTSYKKWSFDLPEMSNLYRLSTPLRDEVTDKNYYYLFDKKSFFNGKALNNAIPGGPKFEPLYPREEEEDYNEFNSIDRVIFRVPIRSEYKVAFPHLYNSRPRSVRIPWYNNPVSCIIQNDEEYDTPALFFDPSLNPIPHFIDNNSSLNVSNTKENGDFTLPEDFAPLLAEEEELILPNTKDAMSLYHSPFPFNRTKGKMVRAQDVALAKKWFLQHPDEEYPVKVKVSYQKLLKNYVLNELHPTLPTNHNKTKLLKSLKNTKYFQQTTIDWVEAGLQLCRQGHNMLNLLIHRKGLTYLHLDYNFNLKPTKTLTTKERKKSRLGNSFHLMRELLKMMKLIVDTHVQFRLGNVDAFQLADGIHYILNHIGQLTGIYRYKYKVMHQIRACKDLKHIIYYKFNKNLGKGPGCGFWQPAWRVWLNFLRGTIPLLERYIGNLITRQFEGRSNEIVKTTTKQRLDAYYDLELRNSVMDDILEMMPESIRQKKARTILQHLSEAWRCWKANIPWDVPGMPAPIKKIIERYIKSKADAWVSAAHYNRERIKRGAHVEKTMVKKNLGRLTRLWIKNEQERQRQIQKNGPEITPEEATTIFSVMVEWLESRSFSPIPFPPLTYKNDTKILVLALEDLKDVYASKVRLNASEREELALIEEAYDNPHDTLNRIKKYLLTQRVFKPVDITMMENYQNISPVYSVDPLEKITDAYLDQYLWYEADQRKLFPNWIKPSDSEIPPLLVYKWTQGINNLSEIWDVSRGQSAVLLETTLGEMAEKIDFTLLNRLLRLIVDPNIADYITAKNNVVINFKDMSHVNKYGLIRGLKFASFIFQYYGLVIDLLLLGQERATDLAGPANNPNEFMQFKSKEVEKAHPIRLYTRYLDRIYMLFHFEEDEGEELTDEYLAENPDPNFENSIGYNNRKCWPKDSRMRLIRQDVNLGRAVFWEIQSRVPTSLTSIKWENAFVSVYSKNNPNLLFSMCGFEVRILPRQRMEEVVSNDEGVWDLVDERTKQRTAKAYLKVSEEEIKKFDSRIRGILMASGSTTFTKVAAKWNTSLISLFTYFREAIVATEPLLDILVKGETRIQNRVKLGLNSKMPTRFPPAVFYTPKELGGLGMISASHILIPASDLSWSKQTDTGITHFRAGMTHEDEKLIPTIFRYITTWENEFLDSQRVWAEYATKRQEAIQQNRRLAFEELEGSWDRGIPRISTLFQRDRHTLAYDRGHRIRREFKQYSLERNSPFWWTNSHHDGKLWNLNAYRTDVIQALGGIETILEHTLFKGTGFNSWEGLFWEKASGFEDSMQFKKLTHAQRTGLSQIPNRRFTLWWSPTINRANVYVGFLVQLDLTGIFLHGKIPTLKISLIQIFRAHLWQKIHESIVFDICQILDGELDVLQIESVTKETVHPRKSYKMNSSAADITMESVHEWEVSKPSLLHETNDSFKGLITNKMWFDVQLRYGDYDSHDISRYVRAKFLDYTTDNVSMYPSPTGVMIGIDLAYNMYDAYGNWFNGLKPLIQNSMRTIMKANPALYVLRERIRKGLQIYQSSVQEPFLNSSNYAELFNNDIKLFVDDTNVYRVTVHKTFEGNVATKAINGCIFTLNPKTGHLFLKIIHTSVWAGQKRLSQLAKWKTAEEVSALVRSLPKEEQPKQIIVTRKAMLDPLEVHMLDFPNIAIRPTELRLPFSAAMSIDKLSDVVMKATEPQMVLFNIYDDWLDRISSYTAFSRLTLLLRALKTNEESAKMILLSDPTITIKSYHLWPSFTDEQWITIESQMRDLILTEYGRKYNVNISALTQTEIKDIILGQNIKAPSVKRQKMAELEAARSEKQNDEEAAGASTVMKTKTINAQGEEIVVVASADYESQTFSSKNEWRKSAIANTLLYLRLKNIYVSADDFVEEQNVYVLPKNLLKKFIEISDVKIQVAAFIYGMSAKDHPKVKEIKTVVLVPQLGHVGSVQISNIPDIGDLPDTEGLELLGWIHTQTEELKFMAASEVATHSKLFADKKRDCIDISIFSTPGSVSLSAYNLTDEGYQWGEENKDIMNVLSEGFEPTFSTHAQLLLSDRITGNFIIPSGNVWNYTFMGTAFNQEGDYNFKYGIPLEFYNEMHRPVHFLQFSELAGDEELEAEQIDVFS
sp|P36062|AVT3_YEAST Vacuolar amino acid transporter 3 OS=Saccharomyces cerevisiae (strain ATCC 204508 / S288c) OX=559292 GN=AVT3 PE=1 SV=1,MNGKEVSSGSGRTQSNNNKKNNNGGSTGISHASGSPLTDGNGGNSNGNSRSRSRSRKSSGTTGGLLKKPPLLVNNEAVHASVPDASHTSCNNGTLEVSINNPEPHVVDAVARHLIRNPSNSLQLQGGDITRDLYKWTNDHPSSPSQYQYPSQPALSTSIPSQAPSFSNRKRSMSFSAASIASSSHLNNNSEANGNPLAAIGLAPAPMTHEEIRAPGGFRRSFIIQKRRKHNVDAPIPNFFTRNFIEFLTLYGHFAGEDLSEEEEEEEETEEEPEEEALETESTQLVSREHGRHPHKSSTVKAVLLLLKSFVGTGVLFLPKAFHNGGWGFSALCLLSCALISYGCFVSLITTKDKVGVDGYGDMGRILYGPKMKFAILSSIALSQIGFSAAYTVFTATNLQVFSENFFHLKPGSISLATYIFAQVLIFVPLSLTRNIAKLSGTALIADLFILLGLVYVYVYSIYYIAVNGVASDTMLMFNKADWSLFIGTAIFTFEGIGLLIPIQESMKHPKHFRPSLSAVMCIVAVIFISCGLLCYAAFGSDVKTVVLLNFPQDTSYTLTVQLLYALAILLSTPLQLFPAIRILENWTFPSNASGKYNPKVKWLKNYFRCAIVVLTSILAWVGANDLDKFVSLVGSFACIPLIYIYPPLLHYKASILSGTSRARLLLDLIVIVFGVAVMAYTSWQTIKMWSQ
sp|P36160|RPF2_YEAST Ribosome biogenesis protein RPF2 OS=Saccharomyces cerevisiae (strain ATCC 204508 / S288c) OX=559292 GN=RPF2 PE=1 SV=1,MIRTVKPKNARAKRALVKREAKLVENVKQALFIPGQSCNKNLHDIMVDLSALKKPDMKRFNRKNDIHPFEDMSPLEFFSEKNDCSLMVLMTSSKKRKNNMTFIRTFGYKIYDMIELMVADNFKLLSDFKKLTFTVGLKPMFTFQGAAFDTHPVYKQIKSLFLDFFRGESTDLQDVAGLQHVISMTIQGDFQDGEPLPNVLFRVYKLKSYKSDQGGKRLPRIELVEIGPRLDFKIGRIHTPSPDMVTEAHKKPKQLEMKTKKNVELDIMGDKLGRIHMGKQDLGKLQTRKMKGLKSKFDQGTEEGDGEVDEDYEDEASYSDDGQEYEEEFVSATDIEPSAKRQKK
sp|P38624|PSB1_YEAST Proteasome subunit beta type-1 OS=Saccharomyces cerevisiae (strain ATCC 204508 / S288c) OX=559292 GN=PRE3 PE=1 SV=2,MNGIQVDINRLKKGEVSLGTSIMAVTFKDGVILGADSRTTTGAYIANRVTDKLTRVHDKIWCCRSGSAADTQAIADIVQYHLELYTSQYGTPSTETAASVFKELCYENKDNLTAGIIVAGYDDKNKGEVYTIPLGGSVHKLPYAIAGSGSTFIYGYCDKNFRENMSKEETVDFIKHSLSQAIKWDGSSGGVIRMVVLTAAGVERLIFYPDEYEQL
sp|P40074|AVT6_YEAST Vacuolar amino acid transporter 6 OS=Saccharomyces cerevisiae (strain ATCC 204508 / S288c) OX=559292 GN=AVT6 PE=1 SV=1,MVASIRSGVLTLLHTACGAGILAMPYAFKPFGLIPGVIMIVLCGACAMQSLFIQARVAKYVPQGRASFSALTRLINPNLGIVFDLAIAIKCFGVGVSYMIVVGDLMPQIMSVWTRNAWLLNRNVQISLIMLFFVAPLSFLKKLNSLRYASMVAISSVAYLCVLVLLHYVAPSDEILRLKGRISYLLPPQSHDLNVLNTLPIFVFAYTCHHNMFSIINEQRSSRFEHVMKIPLIAISLALILYIAIGCAGYLTFGDNIIGNIIMLYPQAVSSTIGRIAIVLLVMLAFPLQCHPARASIHQILQHFAEENVSISATSADEPTVATESSPLIRDSSLDLNEVIEEESIYQPKETPLRGKSFIVITCSILVASYLVAISVSSLARVLAIVGATGSTSISFILPGLFGYKLIGTEHKTAVPLTTKIFKYTGLLLFIWGLIIMITCLTAALKLN
sp|P42839|VNX1_YEAST Low affinity vacuolar monovalent cation/H(+) antiporter OS=Saccharomyces cerevisiae (strain ATCC 204508 / S288c) OX=559292 GN=VNX1 PE=1 SV=1,MAKNNHISASGNSTSGDHRLKEEVLTPTTSASTPHRIFSVDDDPKEIQNDIRYLEGLHEGLKFALHANKSKRSVSSQSPIVHSSNNTLHHHEHQQHLPPTLESLSSKSHSVPDLNTATPSSPKRMHSSIRELPHDDNDDEDANDDSRFIIHDSHGHDLLIDEINCQSPSHLENNDQASNASSTESFTLRERQDAINETHPFGIRIWKPALYKKHRSVQRTAAQDIHETQLKTITWEVTCSNVLWFILFGFPIAILFYSAAIVVFLLGGGGLVTNSAKEYSKCLYKLANYFLWPFGKMVYLLQDEQYLQEDKDEGISMQQFYNWVTSYSNRLVFHQSQAKFQQREDHPAPATESSSLMPPANTTATPLNSNHPSYNSIRHEIPHAAAQRRYFGRGKWSWGRVLFYTIFHLVLQPILAVLSLCLWLLVFTIPMSNVLWQIMYHCRRHPLALGFKYVENSSQSHENEITQQQLNKNILLCTFRAAGWHYYKYTVDGTNVIVVNLISIVFFTIFDFYVLKNFLHWKTWFTYESSIFILCLTSTIPLAFYIGQAVASISAQTSMGVGAVINAFFSTIVEIFLYCVALQQKKGLLVEGSMIGSILGAVLLLPGLSMCGGALNRKTQRYNPASAGVSSALLIFSMIVMFVPTVLYEIYGGYSVNCADGANDRDCTFSHPPLKFNRLFTHVIQPMSISCAIVLFCAYIIGLWFTLRTHAKMIWQLPIADPTSTAPEQQEQNSHDAPNWSRSKSTCILLMSTLLYAIIAEILVSCVDAVLEDIPSLNPKFLGLTIFALIPNTTEFLNAISFAIHGNVALSMEIGSAYALQVCLLQIPSLVIYSIFYTWNVKKSMINIRTQMFPLVFPRWDIFGAMTSVFMFTYLYAEGKSNYFKGSMLILLYIIIVVGFYFQGALSE
"sp|P47176|BCA2_YEAST Branched-chain-amino-acid aminotransferase, cytosolic OS=Saccharomyces cerevisiae (strain ATCC 204508 / S288c) OX=559292 GN=BAT2 PE=1 SV=1",MTLAPLDASKVKITTTQHASKPKPNSELVFGKSFTDHMLTAEWTAEKGWGTPEIKPYQNLSLDPSAVVFHYAFELFEGMKAYRTVDNKITMFRPDMNMKRMNKSAQRICLPTFDPEELITLIGKLIQQDKCLVPEGKGYSLYIRPTLIGTTAGLGVSTPDRALLYVICCPVGPYYKTGFKAVRLEATDYATRAWPGGCGDKKLGANYAPCVLPQLQAASRGYQQNLWLFGPNNNITEVGTMNAFFVFKDSKTGKKELVTAPLDGTILEGVTRDSILNLAKERLEPSEWTISERYFTIGEVTERSKNGELLEAFGSGTAAIVSPIKEIGWKGEQINIPLLPGEQTGPLAKEVAQWINGIQYGETEHGNWSRVVTDLN
sp|P53769|CWC24_YEAST Pre-mRNA-splicing factor CWC24 OS=Saccharomyces cerevisiae (strain ATCC 204508 / S288c) OX=559292 GN=CWC24 PE=1 SV=1,MFRKRLVNKSSSDEKNQKKRQKINFSEEKLVASDEEKGSSDLMSLAKSGNSRTLQLSHENEGKLQKKGEDLDKYTLTVNDDSTKEDLLNFERKELAEKAKKRRPSDDNELVLNMSGKNKRLTKQINQPTNIRTTVLMDFQPDVCKDYKQTGYCGYGDSCKFLHSRDDFKTGWKLNQEWNADKEDSKAVTLDLEKIPFKCTLCKEDYKSPVVTNCGHYFCGSCFAKDMKKGTKCFICHKETHGSAKVASDLQKMLNKRKS
"sp|Q02486|ABF2_YEAST ARS-binding factor 2, mitochondrial OS=Saccharomyces cerevisiae (strain ATCC 204508 / S288c) OX=559292 GN=ABF2 PE=1 SV=1",MNSYSLLTRSFHESSKPLFNLASTLLKASKRTQLRNELIKQGPKRPTSAYFLYLQDHRSQFVKENPTLRPAEISKIAGEKWQNLEADIKEKYISERKKLYSEYQKAKKEFDEKLPPKKPAGPFIKYANEVRSQVFAQHPDKSQLDLMKIIGDKWQSLDQSIKDKYIQEYKKAIQEYNARYPLN
sp|Q04067|EIF3G_YEAST Eukaryotic translation initiation factor 3 subunit G OS=Saccharomyces cerevisiae (strain ATCC 204508 / S288c) OX=559292 GN=TIF35 PE=1 SV=1,MSEVAPEEIIENADGSRSIITYKIEDGVKYKITQKVKEVKVLEKVHKSVAERKNWHKYGSEKGSPAGPSAVTARLGEEVELRLSRNWKQAEEERIQKEKASLTKTGLQCRLCGNDHMTMNCPFKTILSELSALEDPATNEGGVEAASEEKAGQVGGAGSIPGQYVPPSRRAGARDPSSDAYRDSRERDDMCTLKIMQVNENADENSLREELLFPFAPIPRVSVVRNKETGKSRGLAFVTFSSEEVAEQALRFLDGRGYMNLILRVEWSKPKVKE
sp|Q05998|THI7_YEAST Thiamine transporter OS=Saccharomyces cerevisiae (strain ATCC 204508 / S288c) OX=559292 GN=THI7 PE=1 SV=1,MSFGSKVSRALRFLEIPVKDRASVSFLKNPDLQPIKSANQTWGFWSNFAYWGVMSFSVGTWMSASSALGVGLSYPETIGTFIVGDVLTIIFTLANSCPGYDWKVGFTLAQRFVFGIYGSAFGIIIRILMSIVNYGSNAWVGGLCINMILDSWSHHYLHLPNTLSSKVAMTTKELIGFIIFHVLTAFCYLMKPYHMNYILIWSCVATFFSMLGMVIYLAKQAHGVGELFTSTKSTATGSTKAWAWVYMISYWFGSVSPGSTNQSDYSRFGSSNWAIWAGTICALLIPTTLIPVFGVIGASTCDKLYGEQYWMPMDIFNHWLTTNYSAGARAGAFFCGLSFVLSQMSYTISNCGFASGMDLAGLLPKYVDIKRGALFAACVSWACLPWNFYNSSSTFLTVMSSFGVVMTPIISVMICDNFLIRKRQYSITNAFILKGEYYFTKGVNWRAIVAWVCGMTPGLPGIAWEVNNDYFHNTGIVNFFYGDSFFSFLISFFVYWGLCLLFPFKITVKHDDKDYYGAFTDEEARKKGMVPYSEISEEEIRAYTLGEGYTTGHEYRPEGSDDEIPELVKTSSENTNEFEIVHHKNNEKQSSTASEKAA
sp|Q06106|MRD1_YEAST Multiple RNA-binding domain-containing protein 1 OS=Saccharomyces cerevisiae (strain ATCC 204508 / S288c) OX=559292 GN=MRD1 PE=1 SV=1,MSRIIVKGLPVYLTDDNLREHFTKRLRQKHSHQAVNGSGPDLITDVKILRDRNGESRRFGFIGYRNEEDAFDAVEYFNGSFINTSKIEVSMAKSFADPRVPQPMKEKRREALKRFREKEEKLLQEENRKKKKVDENKHSNIDDEIRKNKQLQEFMETMKPSSQVTSWEKVGIDKSIEDEKLKREEEDSSVQGNSLLAHALALKEENNKDEAPNLVIENESDDEYSALNRNRDEDQEDAGEEEKMISISNLKDTDIGLVNDDANSDEKENEKRRNLAQDEKVSDLDWFKQRRVRIKESEAETREKSSSYATEQNESLDTKKEEQPERAVPQKTDEELAIEKINQTGRLFLRNILYTSKEEDFRKLFSPFGELEEVHVALDTRTGQSKGFAYVLFKDSKNAVNAYVELDKQIFQGRLLHILPGEEKKSHRLDEFDLKNMPLKKQKELKRKAAASRQTFSWNSLYMNQDAVLGSVAAKLGLEKSQLIDAENSSSAVKQALAEAHVIGDVRKYFESKGVDLTKFSQLKSTNQRDDKVILVKNFPFGTTREELGEMFLPYGKLERLLMPPAGTIAIVQFRDTTSARAAFTKLSYKRFKDGIIYLERGPKDCFTKPAEADDLINNTSAKEEENPVEVKPSSNDLMEANKDVTEGSSNAHDEDVIDGPTVSIFIKNLNFSTTNQNLTDRFKVFTGFVVAQVKTKPDPKHQGKTLSMGFGFVEFRTKEQANAVIAAMDGTVIDGHKIQLKLSHRQASQSGNTKTKSNKKSGKIIVKNLPFEATRKDVFELFNSFGQLKSVRVPKKFDKSARGFAFVEFLLPKEAENAMDQLHGVHLLGRRLVMQYAEEDAVDAEEEIARMTKKVRKQVATNEMAALRNGGGRKKLDVDDEENEGF
sp|Q07824|TPO1_YEAST Polyamine transporter 1 OS=Saccharomyces cerevisiae (strain ATCC 204508 / S288c) OX=559292 GN=TPO1 PE=1 SV=1,MSDHSPISNKENHLLPSDSSRSSSSDMHSTGTTGTTGVEPVDFTGEGAKYTTATEGNGGADLAIQRTTTMNSAAESEVNITRRLTKILTGSVNEPDRVEVDYTNCAPMGGDRPYPPSLPSRDLYEVTFDGPNDPLHPFNWPMKKKVLLCLVLCLDSIAIAMCSSIFASAVPQICEIYHVIEVVAILGITLFVLGFAASPVIYAPLSELYGRKGVLVLSAFGFALFQFAVATAENLQTIFICRFFGGFIGAAPMAVVPAAFADMFDTNVRGKAIALFSLGVFVGPILSPVMGSYIAQRTTWRWLEYVVGCFASAVFVAIVLFFEETHHPTILVNKAKQMRKQSNNWGIHAAHEDVELSIKDIVQKTVTRPIIMLFVEPLLLFVTIYNSFVYGILYLLLEAYPLVFVEGYGFTENGELPYIALIIGMMVCAAFIWYMDNDYLKRCRAKGKLVPEARLYAMVIAGTVFPIGILWFCWTGYYPHKIHWMVPTVGGAFIGFGLMGIFLPCLNYIIESYLLLAASAVAANTFMRSAFGACFPLFAGYMFRGMGIGWAGLLLGLFAAAMIPVPLLFLKYGESIRKKSKYAYAA
sp|Q00539|NAM8_YEAST Protein NAM8 OS=Saccharomyces cerevisiae (strain ATCC 204508 / S288c) OX=559292 GN=NAM8 PE=1 SV=2,MSYKQTTYYPSRGNLVRNDSSPYTNTISSETNNSSTSVLSLQGASNVSLGTTGNQLYMGDLDPTWDKNTVRQIWASLGEANINVRMMWNNTLNNGSRSSMGPKNNQGYCFVDFPSSTHAANALLKNGMLIPNFPNKKLKLNWATSSYSNSNNSLNNVKSGNNCSIFVGDLAPNVTESQLFELFINRYASTSHAKIVHDQVTGMSKGYGFVKFTNSDEQQLALSEMQGVFLNGRAIKVGPTSGQQQHVSGNNDYNRSSSSLNNENVDSRFLSKGQSFLSNGNNNMGFKRNHMSQFIYPVQQQPSLNHFTDPNNTTVFIGGLSSLVTEDELRAYFQPFGTIVYVKIPVGKCCGFVQYVDRLSAEAAIAGMQGFPIANSRVRLSWGRSAKQTALLQQAMLSNSLQVQQQQPGLQQPNYGYIPSSTCEAPVLPDNNVSSTMLPGCQILNYSNPYANANGLGSNNFSFYSNNNATNTQATSLLADTSSMDLSGTGGQQVIMQGSEAVVNSTNAMLNRLEQGSNGFMFA
